-- MySQL dump 10.13  Distrib 5.7.17, for Linux (x86_64)
--
-- Host: localhost    Database: mes
-- ------------------------------------------------------
-- Server version	5.7.17

/*!40101 SET @OLD_CHARACTER_SET_CLIENT=@@CHARACTER_SET_CLIENT */;
/*!40101 SET @OLD_CHARACTER_SET_RESULTS=@@CHARACTER_SET_RESULTS */;
/*!40101 SET @OLD_COLLATION_CONNECTION=@@COLLATION_CONNECTION */;
/*!40101 SET NAMES utf8 */;
/*!40103 SET @OLD_TIME_ZONE=@@TIME_ZONE */;
/*!40103 SET TIME_ZONE='+00:00' */;
/*!40014 SET @OLD_UNIQUE_CHECKS=@@UNIQUE_CHECKS, UNIQUE_CHECKS=0 */;
/*!40014 SET @OLD_FOREIGN_KEY_CHECKS=@@FOREIGN_KEY_CHECKS, FOREIGN_KEY_CHECKS=0 */;
/*!40101 SET @OLD_SQL_MODE=@@SQL_MODE, SQL_MODE='NO_AUTO_VALUE_ON_ZERO' */;
/*!40111 SET @OLD_SQL_NOTES=@@SQL_NOTES, SQL_NOTES=0 */;

--
-- Table structure for table `customers`
--

DROP TABLE IF EXISTS `customers`;
/*!40101 SET @saved_cs_client     = @@character_set_client */;
/*!40101 SET character_set_client = utf8 */;
CREATE TABLE `customers` (
  `id` int(11) NOT NULL AUTO_INCREMENT,
  `name` varchar(100) NOT NULL,
  `logo` varchar(150) NOT NULL DEFAULT '',
  `coding` varchar(50) NOT NULL,
  `location` varchar(50) NOT NULL DEFAULT '',
  `phone` varchar(50) NOT NULL DEFAULT '',
  `updatedAt` datetime NOT NULL,
  `createdAt` datetime NOT NULL,
  `isdelete` tinyint(10) NOT NULL DEFAULT '0',
  PRIMARY KEY (`id`)
) ENGINE=MyISAM AUTO_INCREMENT=78 DEFAULT CHARSET=utf8;
/*!40101 SET character_set_client = @saved_cs_client */;

--
-- Dumping data for table `customers`
--

LOCK TABLES `customers` WRITE;
/*!40000 ALTER TABLE `customers` DISABLE KEYS */;
INSERT INTO `customers` VALUES (42,'阿里巴巴','','D0002','','','2017-05-16 10:35:08','2017-05-15 16:30:18',0),(43,'上海斐必光电技术有限公司','','D0003','18917973371','18917973371','2017-05-15 16:33:36','2017-05-15 16:33:36',0),(44,'广州泽尔测试技术有限公司','','D0004','18910394558','18910394558','2017-05-15 16:38:37','2017-05-15 16:38:37',0),(45,'深圳市看到科技有限公司','','D0004','','','2017-05-16 11:28:23','2017-05-16 11:28:23',0),(47,'菜鸟网络科技有限公司','','D0005','','','2017-05-16 11:34:28','2017-05-16 11:34:28',1),(48,'宏基电脑(上海)有限公司','','D0006','','','2017-05-16 11:38:47','2017-05-16 11:38:47',0),(49,'北京诺耕科技发展有限公司','','D0007','','','2017-05-16 11:40:46','2017-05-16 11:40:46',0),(50,'北京瑞途科技有限公司','','D0008','','','2017-05-16 11:42:26','2017-05-16 11:42:26',0),(51,'上海一坤电气工程有限公司','','D0009','','','2017-05-16 11:45:02','2017-05-16 11:45:02',0),(52,'北京友科莱科技有限公司','','D0010','','','2017-05-16 11:45:51','2017-05-16 11:45:51',0),(53,'国防科技大学','','D0011','','','2017-05-16 11:46:33','2017-05-16 11:46:33',0),(54,'测试客户','','D0012','','','2017-05-19 14:35:42','2017-05-19 14:35:42',0),(55,'武汉大学卫星导航定位技术研究中心','','D0013','','','2017-06-01 10:42:20','2017-06-01 10:42:20',0),(56,'长安大学','','D0014','','','2017-06-01 10:43:57','2017-06-01 10:43:57',0),(57,'上海拉锋电子科技有限公司','','D0015','13701992635','13701992635','2017-06-01 10:47:21','2017-06-01 10:47:21',0),(58,'北京科技大学','','D0016','','','2017-06-01 10:49:01','2017-06-01 10:49:01',0),(59,'哈工大威海','','D0017','','','2017-06-01 10:51:28','2017-06-01 10:51:28',0),(60,'长沙迪迈数码科技股份有限公司','','D0018','18711181731','18711181731','2017-06-02 15:42:33','2017-06-02 15:42:33',0),(61,'北京数字绿土科技有限公司','','D0019','','','2017-06-02 15:49:25','2017-06-02 15:49:25',0),(62,'深圳市鸿逸达科技有限公司','','D0020','13714066076','13714066076','2017-06-02 15:50:57','2017-06-02 15:50:57',0),(63,'深圳市易成自动驾驶技术有限公司','','D0021','','','2017-06-02 15:52:01','2017-06-02 15:52:01',0),(64,'哈尔滨工业大学深圳研究生院','','D0022','','','2017-06-02 15:53:06','2017-06-02 15:53:06',0),(65,'深圳星行科技有限公司','','D0023','','','2017-06-02 16:11:39','2017-06-02 16:11:39',0),(66,'北京理工大学','','D0024','','','2017-06-02 16:47:58','2017-06-02 16:47:58',0),(67,'清华大学自动化','','D0025','','','2017-06-02 16:48:43','2017-06-02 16:48:43',0),(68,'北京泊松技术有限公司','','D0026','','','2017-06-02 17:01:29','2017-06-02 17:01:29',0),(69,'北京交通大学','','D0027','','','2017-06-02 17:44:23','2017-06-02 17:44:23',0),(70,'北京图森智途科技有限公司','','D0028','','','2017-06-02 17:59:14','2017-06-02 17:59:14',0),(71,'重庆大学','','D0029','','','2017-06-05 10:14:54','2017-06-05 10:14:54',0),(73,'北京理工大学光电学院','','D0030','','','2017-06-13 20:16:30','2017-06-13 20:16:30',0),(74,'沈阳新松机器人自动化股份有限公司','','D0031','','','2017-06-15 15:11:23','2017-06-15 15:11:23',0),(75,'北京市智行者科技有限公司','','D0032','','','2017-06-15 16:29:09','2017-06-15 16:29:09',0),(76,'北京联合大学','','D0033','','','2017-06-15 17:17:43','2017-06-15 17:17:43',0),(77,'北京天隼图像技术有限公司','','D0034','','','2017-06-16 16:26:13','2017-06-16 16:26:13',0);
/*!40000 ALTER TABLE `customers` ENABLE KEYS */;
UNLOCK TABLES;

--
-- Table structure for table `debug`
--

DROP TABLE IF EXISTS `debug`;
/*!40101 SET @saved_cs_client     = @@character_set_client */;
/*!40101 SET character_set_client = utf8 */;
CREATE TABLE `debug` (
  `id` int(11) NOT NULL AUTO_INCREMENT,
  `enname` char(50) NOT NULL,
  `step` char(50) NOT NULL,
  `productid` char(255) NOT NULL,
  `D0` char(100) NOT NULL,
  `D1` char(100) NOT NULL,
  `D2` char(100) NOT NULL,
  `D3` char(100) NOT NULL,
  `D4` char(100) NOT NULL,
  `D5` char(100) NOT NULL,
  `D6` char(100) NOT NULL,
  `D7` char(100) NOT NULL,
  `U7` char(100) NOT NULL,
  `U6` char(100) NOT NULL,
  `U5` char(100) NOT NULL,
  `U4` char(100) NOT NULL,
  `U3` char(100) NOT NULL,
  `U2` char(100) NOT NULL,
  `U1` char(100) NOT NULL,
  `U0` char(100) NOT NULL,
  `createdAt` datetime NOT NULL,
  `updatedAt` datetime NOT NULL,
  PRIMARY KEY (`id`)
) ENGINE=InnoDB DEFAULT CHARSET=utf8;
/*!40101 SET character_set_client = @saved_cs_client */;

--
-- Dumping data for table `debug`
--

LOCK TABLES `debug` WRITE;
/*!40000 ALTER TABLE `debug` DISABLE KEYS */;
/*!40000 ALTER TABLE `debug` ENABLE KEYS */;
UNLOCK TABLES;

--
-- Table structure for table `express`
--

DROP TABLE IF EXISTS `express`;
/*!40101 SET @saved_cs_client     = @@character_set_client */;
/*!40101 SET character_set_client = utf8 */;
CREATE TABLE `express` (
  `id` int(255) NOT NULL AUTO_INCREMENT,
  `express` varchar(255) NOT NULL DEFAULT '',
  `orderid` int(255) NOT NULL,
  `productid` varchar(255) NOT NULL DEFAULT '[]',
  `sended` int(10) NOT NULL DEFAULT '1',
  `courier` varchar(255) NOT NULL DEFAULT '',
  `submiter` varchar(255) NOT NULL DEFAULT '',
  `deliverdate` varchar(255) NOT NULL DEFAULT '',
  `remarks` varchar(255) NOT NULL DEFAULT '',
  `createdAt` datetime NOT NULL,
  `updatedAt` datetime NOT NULL,
  `invoice` varchar(255) NOT NULL DEFAULT '',
  `invoicedate` varchar(255) NOT NULL DEFAULT '',
  PRIMARY KEY (`id`)
) ENGINE=InnoDB AUTO_INCREMENT=47 DEFAULT CHARSET=utf8;
/*!40101 SET character_set_client = @saved_cs_client */;

--
-- Dumping data for table `express`
--

LOCK TABLES `express` WRITE;
/*!40000 ALTER TABLE `express` DISABLE KEYS */;
INSERT INTO `express` VALUES (27,'401931460400',230,'[\"131\"]',1,'陈泉国','56','2017-06-15 15:13:52','37300213','2017-06-15 15:13:52','2017-06-15 15:13:52','37300213','2017-04-25 15:19'),(28,'',196,'[\"179\"]',2,'詹翠茹','55','2017-03-24 08:00:00','','2017-06-15 15:17:59','2017-06-15 15:17:59','37300206','2017-03-24'),(29,'',207,'[\"181\"]',2,'詹翠茹','55','2017-06-15 15:19:28','','2017-06-15 15:19:28','2017-06-15 15:19:28','',''),(30,'929550208623',197,'[\"180\"]',1,'詹翠茹','55','2017-05-16 08:00:00','','2017-06-15 15:20:55','2017-06-15 15:20:55','37300220','2017-05-16'),(31,'401931460968',195,'[\"184\"]',1,'詹翠茹','55','2017-04-10 08:00:00','','2017-06-15 15:40:18','2017-06-15 15:40:18','37300207','2017-04-10'),(32,'',203,'[\"185\"]',2,'蔡文旭','55','2017-05-24 08:00:00','速腾自送','2017-06-15 16:05:35','2017-06-15 16:05:35','00340914','2017-05-24'),(33,'952944011484',209,'[\"108\"]',1,'邱纯潮','2','2017-06-09 08:00:00','','2017-06-15 16:07:51','2017-06-15 16:07:51','01230566','2017-06-09'),(34,'401931461469',210,'[\"189\"]',1,'詹翠茹','55','2017-06-15 16:19:34','','2017-06-15 16:19:34','2017-06-15 16:19:34','',''),(35,'401931461017',210,'[\"107\"]',1,'詹翠茹','55','2017-06-15 16:19:58','','2017-06-15 16:19:58','2017-06-15 16:19:58','',''),(36,'401931461414',208,'[\"120\"]',1,'詹翠茹','55','2017-05-10 08:00:00','','2017-06-15 16:23:11','2017-06-15 16:23:11','37300216','2017-05-10'),(37,'',276,'[\"128\",\"129\",\"140\"]',2,'邱纯潮','54','2017-06-07 16:32:00','','2017-06-15 16:32:39','2017-06-15 16:32:39','',''),(39,'',242,'[\"106\"]',2,'蔡文旭','2','2017-05-25 08:00:00','还欠一台','2017-06-15 17:02:23','2017-06-15 17:02:23','',''),(40,'',277,'[\"188\"]',2,'陈泉国','2','2017-05-10 08:00:00','','2017-06-15 17:29:32','2017-06-15 17:29:32','',''),(41,'',277,'[\"191\"]',2,'邱纯潮','2','2017-05-10 08:00:00','','2017-06-15 17:30:05','2017-06-15 17:30:05','',''),(42,'',241,'[\"102\",\"101\"]',2,'陈泉国','3','2017-05-25 08:00:00','','2017-06-16 11:07:45','2017-06-16 11:07:45','',''),(43,'401931462163',232,'[\"190\"]',1,'刘乐天','3','2017-05-05 08:00:00','','2017-06-16 11:09:51','2017-06-16 11:09:51','00340912','2017-05-05'),(44,'952944011493',232,'[\"121\"]',1,'刘乐天','3','2017-05-05 08:00:00','','2017-06-16 11:10:29','2017-06-16 11:10:29','',''),(46,'',240,'[\"122\",\"127\"]',2,'客户自提','54','2017-06-05 08:00:00','','2017-06-16 15:10:51','2017-06-16 15:10:51','','');
/*!40000 ALTER TABLE `express` ENABLE KEYS */;
UNLOCK TABLES;

--
-- Table structure for table `orders`
--

DROP TABLE IF EXISTS `orders`;
/*!40101 SET @saved_cs_client     = @@character_set_client */;
/*!40101 SET character_set_client = utf8 */;
CREATE TABLE `orders` (
  `id` int(11) NOT NULL AUTO_INCREMENT,
  `coding` varchar(50) NOT NULL DEFAULT '',
  `customerid` varchar(150) NOT NULL DEFAULT '',
  `deliverdate` datetime NOT NULL,
  `quantity` int(11) NOT NULL,
  `charger` varchar(50) NOT NULL,
  `price` int(50) NOT NULL DEFAULT '0',
  `priority` smallint(20) NOT NULL DEFAULT '1',
  `singleprice` int(50) NOT NULL DEFAULT '0',
  `invoice` varchar(50) NOT NULL DEFAULT '',
  `date` char(50) NOT NULL DEFAULT '',
  `to` char(50) NOT NULL DEFAULT '',
  `payment` double NOT NULL DEFAULT '0',
  `address` char(50) NOT NULL DEFAULT '',
  `toer` char(50) NOT NULL DEFAULT '',
  `deliver` varchar(50) NOT NULL DEFAULT '',
  `nowstep` varchar(255) NOT NULL DEFAULT '{}',
  `situation` varchar(255) NOT NULL DEFAULT '{}',
  `unnormal` varchar(255) NOT NULL DEFAULT '{}',
  `createdAt` datetime NOT NULL,
  `updatedAt` datetime NOT NULL,
  `attn` char(50) NOT NULL DEFAULT '',
  `tel` char(50) NOT NULL DEFAULT '',
  `fax` char(50) NOT NULL DEFAULT '',
  `email` char(50) NOT NULL DEFAULT '',
  `format` char(50) NOT NULL DEFAULT '',
  `purpose` char(50) NOT NULL DEFAULT '',
  `currency` char(50) NOT NULL DEFAULT '',
  `paymentterms` text NOT NULL,
  `priceterms` text NOT NULL,
  `shipment` char(255) NOT NULL DEFAULT '',
  `remark` text NOT NULL,
  `submiter` int(255) NOT NULL DEFAULT '0',
  `isdelete` tinyint(10) NOT NULL DEFAULT '0',
  `type` tinyint(10) NOT NULL DEFAULT '0',
  `status` tinyint(10) NOT NULL DEFAULT '0',
  `expressremark` text,
  `remarks` varchar(255) NOT NULL,
  `fullpay` int(255) NOT NULL DEFAULT '1',
  `paymethod` varchar(100) NOT NULL DEFAULT '',
  `finished` int(10) NOT NULL DEFAULT '0',
  PRIMARY KEY (`id`)
) ENGINE=MyISAM AUTO_INCREMENT=283 DEFAULT CHARSET=utf8;
/*!40101 SET character_set_client = @saved_cs_client */;

--
-- Dumping data for table `orders`
--

LOCK TABLES `orders` WRITE;
/*!40000 ALTER TABLE `orders` DISABLE KEYS */;
INSERT INTO `orders` VALUES (195,'PD2017050001','42','2017-05-15 16:27:00',1,'54',46000,1,46000,'','','',0,'','','','{\"enname\":\"deliver\",\"cnname\":\"交付市场\",\"situation\":\"正常\",\"time\":\"2017-06-15 15:40:18\"}','{}','{}','2017-05-15 16:30:18','2017-06-15 15:40:18','','','','','','','','','','','',54,0,0,0,NULL,'',1,'',0),(196,'PD2017050002','43','2017-05-05 00:00:00',1,'55',43000,1,43000,'','','',0,'','','','{\"enname\":\"deliver\",\"cnname\":\"交付市场\",\"situation\":\"正常\",\"time\":\"2017-06-15 15:17:59\"}','{}','{}','2017-05-15 16:33:36','2017-06-15 15:17:59','','','','','','','','','','','',55,0,0,0,NULL,'',1,'',0),(197,'PD2017050003','44','2017-04-21 00:00:00',1,'55',46000,1,46000,'','','',0,'','','','{\"enname\":\"deliver\",\"cnname\":\"交付市场\",\"situation\":\"正常\",\"time\":\"2017-06-15 15:20:55\"}','{}','{}','2017-05-15 16:38:37','2017-06-15 15:20:55','','','','','','','','','','','',55,0,0,0,NULL,'',1,'',0),(203,'PD2017050004','45','2017-05-19 00:00:00',1,'55',35000,1,35000,'','','',0,'','','','{\"enname\":\"deliver\",\"cnname\":\"交付市场\",\"situation\":\"正常\",\"time\":\"2017-06-15 16:05:35\"}','{\"approval\":\"看到等文旭出差回来在四台里面挑一台给。\"}','{}','2017-05-16 11:28:23','2017-06-15 16:05:35','','','','','','','','','','','',55,0,0,0,NULL,'',1,'',0),(209,'PD2017050008','50','2017-05-10 00:00:00',1,'55',46000,1,46000,'','','',0,'','','','{\"enname\":\"deliver\",\"cnname\":\"交付市场\",\"situation\":\"正常\",\"time\":\"2017-06-15 16:07:51\"}','{}','{}','2017-05-16 11:42:26','2017-06-15 16:07:51','','','','','','','','','','','',55,0,0,0,NULL,'',1,'',0),(206,'PD2017050005','47','2017-05-26 00:00:00',1,'55',46000,1,46000,'','','',0,'','','','{\"enname\":\"intention\",\"cnname\":\"确定意向\",\"time\":\"2017-05-16 11:34:28\",\"situation\":\"正常\"}','{}','{}','2017-05-16 11:34:28','2017-05-16 11:34:28','','','','','','','','','','','',55,1,0,0,NULL,'',1,'',0),(207,'PD2017050006','48','2017-05-10 00:00:00',1,'55',40000,1,40000,'','','',0,'','','','{\"enname\":\"deliver\",\"cnname\":\"交付市场\",\"situation\":\"正常\",\"time\":\"2017-06-15 15:19:28\"}','{}','{}','2017-05-16 11:38:47','2017-06-15 15:19:28','','','','','','','','','','','',55,0,0,0,NULL,'',1,'',0),(208,'PD2017050007','49','2017-05-16 18:00:00',1,'55',35000,1,35000,'','','',0,'','','','{\"enname\":\"deliver\",\"cnname\":\"交付市场\",\"situation\":\"正常\",\"time\":\"2017-06-15 16:23:11\"}','{\"signpage\":\"已签合同\",\"pageconfirm\":\"已收到\"}','{}','2017-05-16 11:40:46','2017-06-15 16:23:11','','','','','','','','','','','',55,0,0,-1,NULL,'',1,'',0),(210,'PD2017050009','51','2017-07-15 17:00:00',14,'55',35000,1,35000,'','','',0,'','','','{\"enname\":\"checkpay\",\"cnname\":\"支付验证\",\"situation\":\"正常\",\"time\":\"2017-06-16 17:40:32\"}','{\"marketapproval\":\"数量14\"}','{}','2017-05-16 11:45:02','2017-06-16 17:40:32','','','','','','','','','','','',55,0,0,-1,NULL,'',0,'',0),(211,'PD2017050010','52','2017-05-30 18:00:00',2,'55',92000,1,46000,'','','',0,'','','','{\"enname\":\"checkpay\",\"cnname\":\"支付验证\",\"situation\":\"正常\",\"time\":\"2017-06-16 15:05:38\"}','{}','{}','2017-05-16 11:45:51','2017-06-16 15:05:38','','','','','','','','','','','',55,0,0,0,NULL,'',1,'',0),(212,'PD2017050011','53','2017-07-15 00:00:00',1,'56',46000,1,46000,'','','',0,'','','','{\"enname\":\"checkpay\",\"cnname\":\"支付验证\",\"situation\":\"正常\",\"time\":\"2017-06-16 15:06:13\"}','{\"marketapproval\":\"交货时间填七月份中旬\"}','{}','2017-05-16 11:46:33','2017-06-16 15:06:13','','','','','','','','','','','',55,0,0,0,NULL,'',1,'',0),(232,'PD2017060015','58','2017-06-10 00:00:00',2,'56',15000,1,15000,'','','',0,'','','','{\"enname\":\"deliver\",\"cnname\":\"交付市场\",\"situation\":\"正常\",\"time\":\"2017-06-16 11:10:29\"}','{}','{}','2017-06-01 10:49:01','2017-06-16 11:10:29','','','','','','','','','','','',56,0,0,0,NULL,'',1,'',0),(234,'PD2017060017','44','2017-08-01 17:00:00',2,'55',92000,1,46000,'','','',0,'','','','{\"enname\":\"checkpay\",\"cnname\":\"支付验证\",\"situation\":\"正常\",\"time\":\"2017-06-16 15:06:17\"}','{}','{}','2017-06-01 10:54:35','2017-06-16 15:06:17','','','','','','','','','','','',55,0,0,0,NULL,'',1,'',0),(233,'PD2017060016','59','2017-07-10 10:55:00',1,'56',23000,1,23000,'','','',0,'','','','{\"enname\":\"checkpay\",\"cnname\":\"支付验证\",\"situation\":\"正常\",\"time\":\"2017-06-16 15:06:26\"}','{\"pay\":\"赞助\"}','{}','2017-06-01 10:51:28','2017-06-16 15:06:26','','','','','','','','','','','',56,0,0,0,NULL,'',1,'',0),(231,'PD2017060014','57','2017-07-26 18:00:00',2,'55',92000,1,46000,'','','',0,'','','','{\"enname\":\"checkpay\",\"cnname\":\"支付验证\",\"situation\":\"正常\",\"time\":\"2017-06-16 15:06:32\"}','{}','{}','2017-06-01 10:47:21','2017-06-16 15:06:32','','','','','','','','','','','',55,0,0,0,NULL,'',1,'',0),(230,'PD2017060013','56','2017-06-02 00:00:00',1,'56',46000,1,46000,'','','',0,'','','','{\"enname\":\"deliver\",\"cnname\":\"交付市场\",\"situation\":\"正常\",\"time\":\"2017-06-15 15:13:52\"}','{}','{}','2017-06-01 10:43:57','2017-06-15 15:13:52','','','','','','','','','','','',56,0,0,-1,NULL,'',1,'',0),(229,'PD2017060012','55','2017-07-24 10:30:00',1,'56',46000,1,46000,'','','',0,'','','','{\"enname\":\"signpage\",\"cnname\":\"合同签订\",\"situation\":\"正常\",\"time\":\"2017-06-15 16:54:42\"}','{}','{}','2017-06-01 10:42:20','2017-06-15 16:54:42','','','','','','','','','','','',56,0,0,0,NULL,'',1,'',0),(235,'PD2017060018','60','2017-06-03 00:00:00',1,'55',46000,1,46000,'','','',0,'','','','{\"enname\":\"checkpay\",\"cnname\":\"支付验证\",\"situation\":\"正常\",\"time\":\"2017-06-16 15:07:03\"}','{}','{}','2017-06-02 15:42:33','2017-06-16 15:07:03','','','','','','','','','','','',55,0,1,0,NULL,'',1,'',0),(236,'PD2017060019','61','2017-06-21 00:00:00',1,'55',40000,1,40000,'','','',0,'','','','{\"enname\":\"checkpay\",\"cnname\":\"支付验证\",\"situation\":\"正常\",\"time\":\"2017-06-16 15:07:08\"}','{}','{}','2017-06-02 15:49:25','2017-06-16 15:07:08','','','','','','','','','','','',55,0,1,0,NULL,'',1,'',0),(237,'PD2017060020','62','2017-06-22 00:00:00',1,'55',46000,1,46000,'','','',0,'','','','{\"enname\":\"checkpay\",\"cnname\":\"支付验证\",\"situation\":\"正常\",\"time\":\"2017-06-16 15:07:13\"}','{}','{}','2017-06-02 15:50:57','2017-06-16 15:07:13','','','','','','','','','','','',55,0,1,0,NULL,'',1,'',0),(238,'PD2017060021','63','2017-07-26 17:00:00',1,'55',46000,1,46000,'','','',0,'','','','{\"enname\":\"checkpay\",\"cnname\":\"支付验证\",\"situation\":\"正常\",\"time\":\"2017-06-16 15:07:18\"}','{}','{}','2017-06-02 15:52:01','2017-06-16 15:07:18','','','','','','','','','','','',55,0,0,0,NULL,'',1,'',0),(239,'PD2017060022','64','2017-07-12 17:00:00',1,'55',38000,1,38000,'','','',0,'','','','{\"enname\":\"approval\",\"cnname\":\"运营总监审批\",\"situation\":\"正常\",\"time\":\"2017-06-05 10:20:18\"}','{}','{}','2017-06-02 15:53:06','2017-06-05 10:20:18','','','','','','','','','','','',55,0,0,0,NULL,'',1,'',0),(240,'PD2017060023','65','2017-06-05 17:00:00',2,'54',92000,1,46000,'','','',0,'','','','{\"enname\":\"deliver\",\"cnname\":\"交付市场\",\"situation\":\"正常\",\"time\":\"2017-06-16 15:10:51\"}','{\"approval\":\"6号再给货。\",\"marketapproval\":\"周二下午五点给货。\",\"signpage\":\"已签\",\"pageconfirm\":\"已收到合同\",\"pay\":\"完成支付\"}','{}','2017-06-02 16:11:39','2017-06-16 15:10:51','','','','','','','','','','','',55,0,0,0,NULL,'',1,'',0),(241,'PD2017060024','66','2017-07-01 00:00:00',2,'56',0,1,0,'','','',0,'','','','{\"enname\":\"deliver\",\"cnname\":\"交付市场\",\"situation\":\"正常\",\"time\":\"2017-06-16 11:07:45\"}','{\"signpage\":\"没钱\"}','{}','2017-06-02 16:47:58','2017-06-16 11:07:45','','','','','','','','','','','',56,0,1,0,NULL,'',1,'',0),(242,'PD2017060025','67','2017-07-09 00:00:00',2,'56',0,1,0,'','','',0,'','','','{\"enname\":\"checkpay\",\"cnname\":\"支付验证\",\"situation\":\"正常\",\"time\":\"2017-06-16 15:11:53\"}','{\"signpage\":\"赞助\",\"pay\":\"赞助\"}','{}','2017-06-02 16:48:43','2017-06-16 15:11:53','','','','','','','','','','','',56,0,1,0,NULL,'',1,'',0),(243,'PD2017060026','68','2017-06-26 17:00:00',1,'55',40000,1,40000,'','','',0,'','','','{\"enname\":\"approval\",\"cnname\":\"运营总监审批\",\"situation\":\"正常\",\"time\":\"2017-06-15 17:11:21\"}','{}','{}','2017-06-02 17:01:29','2017-06-15 17:11:21','','','','','','','','','','','',55,0,0,0,NULL,'',1,'',0),(244,'PD2017060027','69','2017-07-05 17:48:00',1,'56',46000,1,46000,'','','',0,'','','','{\"enname\":\"drawpage\",\"cnname\":\"拟定合同\",\"situation\":\"正常\",\"time\":\"2017-06-15 15:43:35\"}','{\"approval\":\"同意\"}','{}','2017-06-02 17:44:23','2017-06-15 15:43:35','','','','','','','','','','','',56,0,0,0,NULL,'',1,'',0),(245,'PD2017060028','70','2017-07-20 17:00:00',8,'55',368000,1,46000,'','','',0,'','','','{\"enname\":\"pay\",\"cnname\":\"支付\",\"situation\":\"正常\",\"time\":\"2017-06-16 16:04:36\"}','{\"approval\":\"三十天内供四台，六十天内供八台\"}','{}','2017-06-02 17:59:14','2017-06-16 16:04:36','','','','','','','','','','','',55,0,0,0,NULL,'',1,'',0),(277,'PD2017060033','76','2017-04-10 17:22:00',2,'56',0,0,0,'PD2017060033','','',0,'','','','{\"enname\":\"deliver\",\"cnname\":\"交付市场\",\"situation\":\"正常\",\"time\":\"2017-06-15 17:30:05\"}','{}','{}','2017-06-15 17:17:43','2017-06-15 17:30:05','','','','','','','','','','','',56,0,1,0,NULL,'一次用于科技周，一次用于天津无人车比赛，后面八月还有世界机器人大赛',1,'',0),(246,'PD2017060029','71','2017-06-16 10:19:00',1,'56',46000,1,46000,'','','',0,'','','','{\"enname\":\"confirmpage\",\"cnname\":\"合同审批\",\"situation\":\"正常\",\"time\":\"2017-06-15 17:04:48\"}','{}','{}','2017-06-05 10:14:54','2017-06-15 17:04:48','','','','','','','','','','','',56,0,0,0,NULL,'',1,'',0),(276,'PD2017060032','75','2017-06-07 16:27:00',3,'55',138000,0,46000,'PD2017060032','','',0,'','','','{\"enname\":\"deliver\",\"cnname\":\"交付市场\",\"situation\":\"正常\",\"time\":\"2017-06-15 16:32:39\"}','{\"signpage\":\"未打款\"}','{}','2017-06-15 16:29:09','2017-06-15 16:32:39','','','','','','','','','','','',54,0,1,0,NULL,'试用',1,'',0),(267,'PD2017060030','73','2017-07-13 20:19:00',1,'56',46000,2,46000,'PD2017060032','','',0,'','','','{\"enname\":\"confirmpage\",\"cnname\":\"合同审批\",\"situation\":\"正常\",\"time\":\"2017-06-15 17:05:25\"}','{}','{}','2017-06-13 20:16:30','2017-06-15 17:05:25','','','','','','','','','','','',56,0,0,0,NULL,'北理工',1,'',0),(275,'PD2017060031','74','2017-08-14 17:00:00',2,'55',92000,2,46000,'PD2017060031','','',0,'','','','{\"enname\":\"confirmpage\",\"cnname\":\"合同审批\",\"situation\":\"正常\",\"time\":\"2017-06-16 10:49:17\"}','{}','{}','2017-06-15 15:11:23','2017-06-16 10:49:23','','','','','','','','','','','',55,0,0,0,NULL,'客户做户外机器人的',1,'',0),(281,'PD2017060034','77','2017-07-28 17:30:00',1,'55',46000,2,46000,'PD2017060035','','',0,'','','','{\"enname\":\"intention\",\"cnname\":\"确定意向\",\"time\":\"2017-06-16 16:26:13\",\"situation\":\"正常\"}','{}','{}','2017-06-16 16:26:13','2017-06-16 16:26:13','','','','','','','','','','','',55,0,0,0,NULL,'无人驾驶',1,'',0);
/*!40000 ALTER TABLE `orders` ENABLE KEYS */;
UNLOCK TABLES;

--
-- Table structure for table `ordersteps`
--

DROP TABLE IF EXISTS `ordersteps`;
/*!40101 SET @saved_cs_client     = @@character_set_client */;
/*!40101 SET character_set_client = utf8 */;
CREATE TABLE `ordersteps` (
  `id` int(255) NOT NULL AUTO_INCREMENT,
  `orderid` int(255) NOT NULL DEFAULT '0',
  `status` tinyint(10) NOT NULL DEFAULT '0',
  `enname` varchar(100) NOT NULL DEFAULT '',
  `cnname` varchar(100) NOT NULL DEFAULT '',
  `time` varchar(50) NOT NULL DEFAULT '',
  `charger` varchar(50) NOT NULL DEFAULT '',
  `submiter` varchar(50) NOT NULL DEFAULT '',
  `img` varchar(255) NOT NULL DEFAULT '',
  `situation` varchar(255) NOT NULL DEFAULT '',
  `createdAt` datetime NOT NULL,
  `updatedAt` datetime NOT NULL,
  `revoke` int(255) NOT NULL DEFAULT '0',
  `price` varchar(255) NOT NULL DEFAULT '0',
  `delivery` varchar(255) NOT NULL DEFAULT '',
  PRIMARY KEY (`id`)
) ENGINE=MyISAM AUTO_INCREMENT=967 DEFAULT CHARSET=utf8;
/*!40101 SET character_set_client = @saved_cs_client */;

--
-- Dumping data for table `ordersteps`
--

LOCK TABLES `ordersteps` WRITE;
/*!40000 ALTER TABLE `ordersteps` DISABLE KEYS */;
INSERT INTO `ordersteps` VALUES (150,195,0,'intention','确定意向','2017-05-15 16:30:18','','55','','','2017-05-15 16:30:18','2017-05-15 16:30:18',0,'0','[]'),(151,195,0,'marketapproval','销售总监审批','2017-05-15 16:33:12','','54','','正常','2017-05-15 16:33:12','2017-05-15 16:33:12',0,'0','[]'),(152,196,0,'intention','确定意向','2017-05-15 16:33:36','','55','','','2017-05-15 16:33:36','2017-05-15 16:33:36',0,'0','[]'),(153,196,0,'marketapproval','销售总监审批','2017-05-15 16:34:27','','54','','正常','2017-05-15 16:34:27','2017-05-15 16:34:27',0,'0','[]'),(154,197,0,'intention','确定意向','2017-05-15 16:38:37','','55','','','2017-05-15 16:38:37','2017-05-15 16:38:37',0,'0','[]'),(155,198,0,'intention','确定意向','2017-05-15 18:40:53','','55','','','2017-05-15 18:40:53','2017-05-15 18:40:53',0,'0','[]'),(156,199,0,'intention','确定意向','2017-05-15 18:48:58','','55','','','2017-05-15 18:48:58','2017-05-15 18:48:58',0,'0','[]'),(157,199,0,'marketapproval','销售总监审批','2017-05-15 19:20:38','','54','','正常','2017-05-15 19:20:38','2017-05-15 19:20:38',0,'0','[]'),(158,200,0,'intention','确定意向','2017-05-15 19:48:46','','55','','','2017-05-15 19:48:46','2017-05-15 19:48:46',0,'0','[]'),(159,200,0,'marketapproval','销售总监审批','2017-05-15 19:54:21','','54','','正常','2017-05-15 19:54:21','2017-05-15 20:10:05',1,'0','[]'),(160,198,0,'marketapproval','销售总监审批','2017-05-15 20:14:36','','54','','正常','2017-05-15 20:14:36','2017-05-15 20:14:39',1,'0','[]'),(161,198,0,'marketapproval','销售总监审批','2017-05-15 20:17:45','','54','','正常','2017-05-15 20:17:45','2017-05-15 20:17:50',1,'0','[]'),(162,200,0,'marketapproval','销售总监审批','2017-05-15 20:31:41','','54','','正常','2017-05-15 20:31:41','2017-05-15 20:31:45',1,'0','[]'),(163,200,0,'marketapproval','销售总监审批','2017-05-15 20:31:48','','54','','正常','2017-05-15 20:31:48','2017-05-15 20:31:48',0,'0','[]'),(164,199,0,'approval','运营总监审批','2017-05-15 21:06:05','','1','','来来来','2017-05-15 21:06:05','2017-05-15 21:19:18',1,'0','[]'),(165,199,1,'confirm','供应链确认','2017-05-15 21:06:18','','1','','哈哈哈哈哈哈','2017-05-15 21:06:18','2017-05-15 21:06:25',1,'0','[]'),(166,200,0,'approval','运营总监审批','2017-05-15 21:17:55','','1','','正常','2017-05-15 21:17:55','2017-05-15 21:17:59',1,'0','[]'),(167,200,1,'approval','运营总监审批','2017-05-15 21:20:46','','1','','快了快了','2017-05-15 21:20:46','2017-05-15 21:20:49',1,'0','[]'),(168,200,0,'intention','重新确定合作意向','2017-05-15 21:21:00','','1','','修改了订单','2017-05-15 21:21:00','2017-05-15 21:21:00',0,'0','[]'),(169,200,0,'approval','运营总监审批','2017-05-15 21:21:04','','1','','正常','2017-05-15 21:21:04','2017-05-15 21:21:07',1,'0','[]'),(170,200,0,'approval','运营总监审批','2017-05-15 21:21:18','','1','','正常','2017-05-15 21:21:18','2017-05-15 21:21:18',0,'0','[]'),(171,200,0,'confirm','供应链确认','2017-05-15 21:21:22','','1','','正常','2017-05-15 21:21:22','2017-05-15 21:21:31',1,'0','[]'),(172,200,0,'signpage','签订合同','2017-05-15 21:21:24','','1','','正常','2017-05-15 21:21:24','2017-05-15 21:21:27',1,'0','[]'),(173,199,0,'intention','重新确定合作意向','2017-05-15 21:21:51','','1','','修改了订单','2017-05-15 21:21:51','2017-05-15 21:21:51',0,'0','[]'),(174,199,0,'approval','运营总监审批','2017-05-15 21:21:54','','1','','正常','2017-05-15 21:21:54','2017-05-15 21:21:56',1,'0','[]'),(175,201,0,'intention','确定意向','2017-05-15 21:22:30','','1','','','2017-05-15 21:22:30','2017-05-15 21:22:30',0,'0','[]'),(176,201,0,'marketapproval','销售总监审批','2017-05-15 21:31:34','','54','','正常','2017-05-15 21:31:34','2017-05-15 21:31:34',0,'0','[]'),(177,202,0,'intention','确定意向','2017-05-16 10:15:55','','54','','','2017-05-16 10:15:55','2017-05-16 10:15:55',0,'0','[]'),(178,202,0,'marketapproval','销售总监审批','2017-05-16 10:16:05','','54','','正常','2017-05-16 10:16:05','2017-05-16 10:16:05',0,'0','[]'),(179,202,0,'approval','运营总监审批','2017-05-16 10:16:23','','1','','正常','2017-05-16 10:16:23','2017-05-16 10:16:23',0,'0','[]'),(180,202,0,'confirm','供应链确认','2017-05-16 10:16:25','','1','','正常','2017-05-16 10:16:25','2017-05-16 10:16:25',0,'0','[]'),(181,202,0,'signpage','签订合同','2017-05-16 10:16:27','','1','','正常','2017-05-16 10:16:27','2017-05-16 10:16:27',0,'0','[]'),(182,202,0,'pay','支付','2017-05-16 10:16:28','','1','','正常','2017-05-16 10:16:28','2017-05-16 10:16:28',0,'0','[]'),(183,202,0,'deliver','订单交付','2017-05-16 10:16:30','','1','','正常','2017-05-16 10:16:30','2017-05-16 10:16:30',0,'0','[]'),(184,197,0,'marketapproval','销售总监审批','2017-05-16 10:24:00','','54','','正常','2017-05-16 10:24:00','2017-05-16 10:24:00',0,'0','[]'),(185,203,0,'intention','确定意向','2017-05-16 11:28:23','','55','','','2017-05-16 11:28:23','2017-05-16 11:28:23',0,'0','[]'),(186,204,0,'intention','确定意向','2017-05-16 11:28:43','','1','','','2017-05-16 11:28:43','2017-05-16 11:28:43',0,'0','[]'),(187,205,0,'intention','确定意向','2017-05-16 11:31:13','','1','','','2017-05-16 11:31:13','2017-05-16 11:31:13',0,'0','[]'),(188,206,0,'intention','确定意向','2017-05-16 11:34:28','','55','','','2017-05-16 11:34:28','2017-05-16 11:34:28',0,'0','[]'),(189,207,0,'intention','确定意向','2017-05-16 11:38:47','','55','','','2017-05-16 11:38:47','2017-05-16 11:38:47',0,'0','[]'),(190,208,0,'intention','确定意向','2017-05-16 11:40:46','','55','','','2017-05-16 11:40:46','2017-05-16 11:40:46',0,'0','[]'),(191,209,0,'intention','确定意向','2017-05-16 11:42:26','','55','','','2017-05-16 11:42:26','2017-05-16 11:42:26',0,'0','[]'),(192,210,0,'intention','确定意向','2017-05-16 11:45:02','','55','','','2017-05-16 11:45:02','2017-05-16 11:45:02',0,'0','[]'),(193,211,0,'intention','确定意向','2017-05-16 11:45:51','','55','','','2017-05-16 11:45:51','2017-05-16 11:45:51',0,'0','[]'),(194,212,0,'intention','确定意向','2017-05-16 11:46:33','','55','','','2017-05-16 11:46:33','2017-05-16 11:46:33',0,'0','[]'),(195,212,0,'marketapproval','销售总监审批','2017-05-16 16:18:05','','54','','交货时间填七月份中旬','2017-05-16 16:18:05','2017-05-16 16:18:24',1,'0','[]'),(196,213,0,'intention','确定意向','2017-05-16 16:18:41','','54','','','2017-05-16 16:18:41','2017-05-16 16:18:41',0,'0','[]'),(197,213,0,'marketapproval','销售总监审批','2017-05-16 16:19:02','','54','','正常','2017-05-16 16:19:02','2017-05-16 16:19:02',0,'0','[]'),(198,213,1,'approval','运营总监审批','2017-05-16 16:20:17','','1','','这是测试数据','2017-05-16 16:20:17','2017-05-16 16:20:17',0,'0','[]'),(199,213,0,'intention','重新确定合作意向','2017-05-16 16:25:20','','1','','修改了订单','2017-05-16 16:25:20','2017-05-16 16:25:20',0,'0','[]'),(200,213,1,'approval','运营总监审批','2017-05-16 16:28:20','','1','','快了快了','2017-05-16 16:28:20','2017-05-16 16:28:20',0,'0','[]'),(201,197,0,'approval','运营总监审批','2017-05-17 10:01:51','','2','','正常','2017-05-17 10:01:51','2017-05-17 10:01:51',0,'0','[]'),(202,197,0,'confirm','供应链确认','2017-05-17 10:01:55','','2','','正常','2017-05-17 10:01:55','2017-05-17 10:01:55',0,'0','[]'),(203,197,0,'signpage','签订合同','2017-05-17 10:02:06','','2','','正常','2017-05-17 10:02:06','2017-05-17 10:02:06',0,'0','[]'),(204,197,0,'pay','支付','2017-05-17 10:02:08','','2','','正常','2017-05-17 10:02:08','2017-05-17 10:02:08',0,'0','[]'),(205,197,0,'deliver','订单交付','2017-05-17 10:02:11','','2','','正常','2017-05-17 10:02:11','2017-06-12 10:32:12',1,'0','[]'),(206,196,0,'approval','运营总监审批','2017-05-17 10:02:26','','2','','正常','2017-05-17 10:02:26','2017-05-17 10:02:26',0,'0','[]'),(207,196,0,'confirm','供应链确认','2017-05-17 10:02:31','','2','','正常','2017-05-17 10:02:31','2017-05-17 10:02:31',0,'0','[]'),(208,196,0,'signpage','签订合同','2017-05-17 10:02:32','','2','','正常','2017-05-17 10:02:32','2017-05-17 10:02:32',0,'0','[]'),(209,196,0,'pay','支付','2017-05-17 10:02:33','','2','','正常','2017-05-17 10:02:33','2017-05-17 10:02:33',0,'0','[]'),(210,196,0,'deliver','订单交付','2017-05-17 10:02:35','','2','','正常','2017-05-17 10:02:35','2017-06-12 10:32:04',1,'0','[]'),(211,209,0,'marketapproval','销售总监审批','2017-05-17 10:07:09','','54','','正常','2017-05-17 10:07:09','2017-05-17 10:07:09',0,'0','[]'),(212,211,0,'marketapproval','销售总监审批','2017-05-17 10:08:58','','54','','正常','2017-05-17 10:08:58','2017-05-17 10:08:58',0,'0','[]'),(213,207,0,'marketapproval','销售总监审批','2017-05-17 10:09:17','','54','','正常','2017-05-17 10:09:17','2017-05-17 10:09:17',0,'0','[]'),(214,210,1,'marketapproval','销售总监审批','2017-05-17 10:12:05','','54','','货期重录','2017-05-17 10:12:05','2017-05-17 10:12:05',0,'0','[]'),(215,212,1,'marketapproval','销售总监审批','2017-05-17 10:13:01','','54','','货期两个月','2017-05-17 10:13:01','2017-05-17 10:13:01',0,'0','[]'),(216,203,0,'marketapproval','销售总监审批','2017-05-17 10:19:34','','54','','正常','2017-05-17 10:19:34','2017-05-17 10:19:34',0,'0','[]'),(217,212,0,'intention','重新确定合作意向','2017-05-17 10:32:55','','55','','修改了订单','2017-05-17 10:32:55','2017-05-17 10:33:07',1,'0','[]'),(218,210,0,'intention','重新确定合作意向','2017-05-17 10:35:04','','55','','修改了订单','2017-05-17 10:35:04','2017-05-17 10:35:04',0,'0','[]'),(219,212,1,'marketapproval','销售总监审批','2017-05-17 10:44:48','','54','','货期','2017-05-17 10:44:48','2017-05-17 10:44:48',0,'0','[]'),(220,212,0,'intention','重新确定合作意向','2017-05-17 10:46:00','','55','','修改了订单','2017-05-17 10:46:00','2017-05-17 10:46:00',0,'0','[]'),(221,214,0,'intention','确定意向','2017-05-17 10:46:12','','54','','','2017-05-17 10:46:12','2017-05-17 10:46:12',0,'0','[]'),(222,214,0,'marketapproval','销售总监审批','2017-05-17 10:46:37','','54','','正常','2017-05-17 10:46:37','2017-05-17 10:46:37',0,'0','[]'),(223,214,1,'approval','运营总监审批','2017-05-17 10:47:08','','1','','默默','2017-05-17 10:47:08','2017-05-17 10:49:11',1,'0','[]'),(224,214,0,'intention','重新确定合作意向','2017-05-17 10:55:15','','1','','修改了订单','2017-05-17 10:55:15','2017-05-17 10:55:15',0,'0','[]'),(225,214,1,'approval','运营总监审批','2017-05-17 10:55:58','','1','','来来来','2017-05-17 10:55:58','2017-05-17 10:55:58',0,'0','[]'),(226,214,0,'intention','重新确定合作意向','2017-05-17 11:10:31','','1','','修改了订单','2017-05-17 11:10:31','2017-05-17 11:10:31',0,'0','[]'),(227,214,0,'approval','运营总监审批','2017-05-17 11:10:35','','1','','正常','2017-05-17 11:10:35','2017-05-17 11:10:42',1,'0','[]'),(228,214,0,'approval','运营总监审批','2017-05-17 11:18:18','','1','','正常','2017-05-17 11:18:18','2017-05-17 11:18:28',1,'0','[]'),(229,214,0,'approval','运营总监审批','2017-05-17 11:18:38','','1','','正常','2017-05-17 11:18:38','2017-05-17 11:18:38',0,'0','[]'),(230,214,1,'confirm','供应链确认','2017-05-17 11:19:16','','1','','哦哦哦','2017-05-17 11:19:16','2017-05-17 11:19:16',0,'0','[]'),(231,195,0,'approval','运营总监审批','2017-05-17 11:31:07','','2','','正常','2017-05-17 11:31:07','2017-05-17 11:31:07',0,'0','[]'),(232,195,0,'confirm','供应链确认','2017-05-17 11:31:09','','2','','正常','2017-05-17 11:31:09','2017-05-17 11:31:09',0,'0','[]'),(233,195,0,'signpage','签订合同','2017-05-17 11:31:10','','2','','正常','2017-05-17 11:31:10','2017-05-17 11:31:10',0,'0','[]'),(234,195,0,'pay','支付','2017-05-17 11:31:11','','2','','正常','2017-05-17 11:31:11','2017-05-17 11:31:11',0,'0','[]'),(235,195,0,'deliver','订单交付','2017-05-17 11:31:13','','2','','正常','2017-05-17 11:31:13','2017-06-12 10:30:24',1,'0','[]'),(236,214,0,'intention','重新确定合作意向','2017-05-17 11:34:39','','2','','修改了订单','2017-05-17 11:34:39','2017-05-17 11:34:39',0,'0','[]'),(237,214,1,'confirm','供应链确认','2017-05-17 11:35:09','','2','','默默','2017-05-17 11:35:09','2017-05-17 11:35:09',0,'0','[]'),(238,214,0,'intention','重新确定合作意向','2017-05-17 11:36:28','','2','','修改了订单','2017-05-17 11:36:28','2017-05-17 11:36:28',0,'0','[]'),(239,214,1,'confirm','供应链确认','2017-05-17 11:36:41','','2','','摸摸','2017-05-17 11:36:41','2017-05-17 12:38:44',1,'0','[]'),(240,207,0,'approval','运营总监审批','2017-05-17 11:46:19','','2','','正常','2017-05-17 11:46:19','2017-05-17 11:46:19',0,'0','[]'),(241,207,0,'confirm','供应链确认','2017-05-17 11:46:20','','2','','正常','2017-05-17 11:46:20','2017-05-17 11:46:20',0,'0','[]'),(242,207,0,'signpage','签订合同','2017-05-17 11:46:22','','2','','正常','2017-05-17 11:46:22','2017-05-17 11:46:22',0,'0','[]'),(243,207,0,'pay','支付','2017-05-17 11:46:23','','2','','正常','2017-05-17 11:46:23','2017-05-17 11:46:23',0,'0','[]'),(244,207,0,'deliver','订单交付','2017-05-17 11:46:24','','2','','正常','2017-05-17 11:46:24','2017-06-12 10:32:17',1,'0','[]'),(245,214,0,'intention','重新确定合作意向','2017-05-17 12:39:43','','2','','修改了订单','2017-05-17 12:39:43','2017-05-17 12:39:43',0,'0','[]'),(246,214,0,'confirm','供应链确认','2017-05-17 12:39:45','','2','','正常','2017-05-17 12:39:45','2017-05-17 12:39:45',0,'0','[]'),(247,214,0,'signpage','签订合同','2017-05-17 12:40:42','','2','','正常','2017-05-17 12:40:42','2017-05-17 12:41:00',1,'0','[]'),(248,215,0,'intention','确定意向','2017-05-17 12:42:30','','2','','','2017-05-17 12:42:30','2017-05-17 12:42:30',0,'0','[]'),(249,215,0,'marketapproval','销售总监审批','2017-05-17 12:43:12','','54','','正常','2017-05-17 12:43:12','2017-05-17 12:43:12',0,'0','[]'),(250,215,0,'approval','运营总监审批','2017-05-17 12:43:39','','1','','正常','2017-05-17 12:43:39','2017-05-17 12:43:46',1,'0','[]'),(251,215,1,'approval','运营总监审批','2017-05-17 12:43:55','','1','','哦哦哦','2017-05-17 12:43:55','2017-05-17 12:57:24',1,'0','[]'),(252,215,0,'intention','重新确定合作意向','2017-05-17 12:59:20','','1','','修改了订单','2017-05-17 12:59:20','2017-05-17 12:59:20',0,'0','[]'),(253,215,0,'approval','运营总监审批','2017-05-17 12:59:34','','1','','正常','2017-05-17 12:59:34','2017-05-17 12:59:34',0,'0','[]'),(254,215,1,'confirm','供应链确认','2017-05-17 12:59:39','','1','','默默哦','2017-05-17 12:59:39','2017-05-17 13:00:10',1,'0','[]'),(255,215,0,'intention','重新确定合作意向','2017-05-17 13:02:02','','1','','修改了订单','2017-05-17 13:02:02','2017-05-17 13:02:02',0,'0','[]'),(256,215,0,'confirm','供应链确认','2017-05-17 13:02:04','','1','','正常','2017-05-17 13:02:04','2017-05-17 13:02:04',0,'0','[]'),(257,215,1,'signpage','签订合同','2017-05-17 13:02:08','','1','','快了快了','2017-05-17 13:02:08','2017-05-17 13:02:15',1,'0','[]'),(258,215,0,'intention','重新确定合作意向','2017-05-17 13:04:06','','1','','修改了订单','2017-05-17 13:04:06','2017-05-17 13:04:06',0,'0','[]'),(259,215,1,'signpage','签订合同','2017-05-17 13:04:12','','1','','馍馍菜','2017-05-17 13:04:12','2017-05-17 13:04:32',1,'0','[]'),(260,215,0,'intention','重新确定合作意向','2017-05-17 13:06:28','','1','','修改了订单','2017-05-17 13:06:28','2017-05-17 13:06:28',0,'0','[]'),(261,215,0,'signpage','签订合同','2017-05-17 13:06:40','','1','','正常','2017-05-17 13:06:40','2017-05-17 13:06:40',0,'0','[]'),(262,215,1,'pay','支付','2017-05-17 13:07:41','','1','','哦哦哦哦哦','2017-05-17 13:07:41','2017-05-17 13:08:15',1,'0','[]'),(263,215,0,'intention','重新确定合作意向','2017-05-17 13:08:56','','1','','修改了订单','2017-05-17 13:08:56','2017-05-17 13:08:56',0,'0','[]'),(264,215,1,'pay','支付','2017-05-17 13:09:09','','1','','默默','2017-05-17 13:09:09','2017-05-17 13:09:20',1,'0','[]'),(265,215,0,'intention','重新确定合作意向','2017-05-17 13:10:47','','1','','修改了订单','2017-05-17 13:10:47','2017-05-17 13:10:47',0,'0','[]'),(266,215,1,'pay','支付','2017-05-17 13:10:51','','1','','没流量了','2017-05-17 13:10:51','2017-05-17 13:10:59',1,'0','[]'),(267,215,0,'intention','重新确定合作意向','2017-05-17 13:12:55','','1','','修改了订单','2017-05-17 13:12:55','2017-05-17 13:12:55',0,'0','[]'),(268,215,1,'pay','支付','2017-05-17 13:12:59','','1','','快了快了','2017-05-17 13:12:59','2017-05-17 13:13:05',1,'0','[]'),(269,215,0,'intention','重新确定合作意向','2017-05-17 13:14:05','','1','','修改了订单','2017-05-17 13:14:05','2017-05-17 13:14:05',0,'0','[]'),(270,215,1,'pay','支付','2017-05-17 13:14:09','','1','','馍馍','2017-05-17 13:14:09','2017-05-17 13:14:21',1,'0','[]'),(314,229,0,'intention','确定意向','2017-06-01 10:42:20','','56','','','2017-06-01 10:42:20','2017-06-01 10:42:20',0,'0','[]'),(315,230,0,'intention','确定意向','2017-06-01 10:43:57','','56','','','2017-06-01 10:43:57','2017-06-01 10:43:57',0,'0','[]'),(316,231,0,'intention','确定意向','2017-06-01 10:47:21','','55','','','2017-06-01 10:47:21','2017-06-01 10:47:21',0,'0','[]'),(317,232,0,'intention','确定意向','2017-06-01 10:49:01','','56','','','2017-06-01 10:49:01','2017-06-01 10:49:01',0,'0','[]'),(318,233,0,'intention','确定意向','2017-06-01 10:51:28','','56','','','2017-06-01 10:51:28','2017-06-01 10:51:28',0,'0','[]'),(295,203,0,'approval','运营总监审批','2017-05-18 15:29:04','','2','','看到等文旭出差回来在四台里面挑一台给。','2017-05-18 15:29:04','2017-06-15 15:36:54',1,'0','[]'),(319,234,0,'intention','确定意向','2017-06-01 10:54:35','','55','','','2017-06-01 10:54:35','2017-06-01 10:54:35',0,'0','[]'),(320,233,0,'marketapproval','销售总监审批','2017-06-02 10:42:05','','54','','正常','2017-06-02 10:42:05','2017-06-02 10:42:05',0,'0','[]'),(321,231,0,'marketapproval','销售总监审批','2017-06-02 15:26:23','','54','','正常','2017-06-02 15:26:23','2017-06-02 15:26:23',0,'0','[]'),(322,234,0,'marketapproval','销售总监审批','2017-06-02 15:26:39','','54','','正常','2017-06-02 15:26:39','2017-06-02 15:26:39',0,'0','[]'),(323,232,0,'marketapproval','销售总监审批','2017-06-02 15:26:53','','54','','正常','2017-06-02 15:26:53','2017-06-02 15:26:53',0,'0','[]'),(324,230,0,'marketapproval','销售总监审批','2017-06-02 15:27:02','','54','','正常','2017-06-02 15:27:02','2017-06-02 15:27:02',0,'0','[]'),(325,229,0,'marketapproval','销售总监审批','2017-06-02 15:28:25','','54','','正常','2017-06-02 15:28:25','2017-06-02 15:28:25',0,'0','[]'),(326,229,0,'marketapproval','销售总监审批','2017-06-02 15:28:25','','54','','正常','2017-06-02 15:28:25','2017-06-02 15:28:25',0,'0','[]'),(327,208,0,'marketapproval','销售总监审批','2017-06-02 15:35:04','','54','','正常','2017-06-02 15:35:04','2017-06-02 15:35:04',0,'0','[]'),(328,235,0,'intention','确定意向','2017-06-02 15:42:33','','55','','','2017-06-02 15:42:33','2017-06-02 15:42:33',0,'0','[]'),(329,236,0,'intention','确定意向','2017-06-02 15:49:25','','55','','','2017-06-02 15:49:25','2017-06-02 15:49:25',0,'0','[]'),(330,237,0,'intention','确定意向','2017-06-02 15:50:57','','55','','','2017-06-02 15:50:57','2017-06-02 15:50:57',0,'0','[]'),(331,238,0,'intention','确定意向','2017-06-02 15:52:01','','55','','','2017-06-02 15:52:01','2017-06-02 15:52:01',0,'0','[]'),(332,239,0,'intention','确定意向','2017-06-02 15:53:06','','55','','','2017-06-02 15:53:06','2017-06-02 15:53:06',0,'0','[]'),(333,240,0,'intention','确定意向','2017-06-02 16:11:39','','55','','','2017-06-02 16:11:39','2017-06-02 16:11:39',0,'0','[]'),(334,240,0,'marketapproval','销售总监审批','2017-06-02 16:12:01','','54','','正常','2017-06-02 16:12:01','2017-06-02 16:12:01',0,'0','[]'),(335,237,0,'marketapproval','销售总监审批','2017-06-02 16:13:08','','54','','正常','2017-06-02 16:13:08','2017-06-02 16:13:08',0,'0','[]'),(336,236,0,'marketapproval','销售总监审批','2017-06-02 16:13:15','','54','','正常','2017-06-02 16:13:15','2017-06-02 16:13:15',0,'0','[]'),(337,235,0,'marketapproval','销售总监审批','2017-06-02 16:13:20','','54','','正常','2017-06-02 16:13:20','2017-06-02 16:13:20',0,'0','[]'),(338,239,0,'marketapproval','销售总监审批','2017-06-02 16:13:42','','54','','正常','2017-06-02 16:13:42','2017-06-02 16:13:42',0,'0','[]'),(339,241,0,'intention','确定意向','2017-06-02 16:47:58','','56','','','2017-06-02 16:47:58','2017-06-02 16:47:58',0,'0','[]'),(340,242,0,'intention','确定意向','2017-06-02 16:48:43','','56','','','2017-06-02 16:48:43','2017-06-02 16:48:43',0,'0','[]'),(341,241,0,'marketapproval','销售总监审批','2017-06-02 16:52:16','','54','','正常','2017-06-02 16:52:16','2017-06-02 16:52:16',0,'0','[]'),(342,242,0,'marketapproval','销售总监审批','2017-06-02 16:52:20','','54','','正常','2017-06-02 16:52:20','2017-06-02 16:52:20',0,'0','[]'),(343,243,0,'intention','确定意向','2017-06-02 17:01:29','','55','','','2017-06-02 17:01:29','2017-06-02 17:01:29',0,'0','[]'),(344,244,0,'intention','确定意向','2017-06-02 17:44:23','','56','','','2017-06-02 17:44:23','2017-06-02 17:44:23',0,'0','[]'),(345,245,0,'intention','确定意向','2017-06-02 17:59:14','','55','','','2017-06-02 17:59:14','2017-06-02 17:59:14',0,'0','[]'),(346,245,0,'marketapproval','销售总监审批','2017-06-02 18:25:54','','54','','正常','2017-06-02 18:25:54','2017-06-02 18:25:54',0,'0','[]'),(347,244,0,'marketapproval','销售总监审批','2017-06-02 18:26:26','','54','','正常','2017-06-02 18:26:26','2017-06-02 18:26:26',0,'0','[]'),(348,243,0,'marketapproval','销售总监审批','2017-06-02 18:26:37','','54','','正常','2017-06-02 18:26:37','2017-06-02 18:26:37',0,'0','[]'),(349,238,0,'marketapproval','销售总监审批','2017-06-02 18:28:36','','54','','正常','2017-06-02 18:28:36','2017-06-02 18:28:36',0,'0','[]'),(350,212,0,'marketapproval','销售总监审批','2017-06-02 18:28:54','','54','','正常','2017-06-02 18:28:54','2017-06-02 18:28:54',0,'0','[]'),(351,245,0,'approval','运营总监审批','2017-06-02 19:04:09','','2','','三十天内供四台，六十天内供八台','2017-06-02 19:04:09','2017-06-02 19:04:09',0,'0','[]'),(352,244,0,'approval','运营总监审批','2017-06-02 19:04:38','','2','','同意','2017-06-02 19:04:38','2017-06-02 19:04:38',0,'0','[]'),(353,246,0,'intention','确定意向','2017-06-05 10:14:54','','56','','','2017-06-05 10:14:54','2017-06-05 10:14:54',0,'0','[]'),(354,208,0,'approval','运营总监审批','2017-06-05 10:16:02','','2','','正常','2017-06-05 10:16:02','2017-06-15 16:09:42',1,'0','[]'),(355,203,0,'confirm','供应链确认','2017-06-05 10:16:08','','2','','正常','2017-06-05 10:16:08','2017-06-15 15:36:46',1,'0','[]'),(356,239,0,'approval','运营总监审批','2017-06-05 10:20:18','','2','','正常','2017-06-05 10:20:18','2017-06-05 10:20:18',0,'0','[]'),(357,240,0,'approval','运营总监审批','2017-06-05 10:22:20','','2','','正常','2017-06-05 10:22:20','2017-06-05 10:23:00',1,'0','[]'),(358,240,0,'approval','运营总监审批','2017-06-05 10:23:22','','2','','6号再给货。','2017-06-05 10:23:22','2017-06-05 10:23:32',1,'0','[]'),(359,240,1,'approval','运营总监审批','2017-06-05 10:23:43','','2','','六号再给货','2017-06-05 10:23:43','2017-06-05 10:23:43',0,'0','[]'),(360,233,0,'approval','运营总监审批','2017-06-05 10:24:54','','2','','正常','2017-06-05 10:24:54','2017-06-05 10:24:54',0,'0','[]'),(361,230,1,'approval','运营总监审批','2017-06-05 10:25:24','','2','','无货。周三前交货','2017-06-05 10:25:24','2017-06-05 10:25:24',0,'0','[]'),(362,240,0,'intention','重新确定合作意向','2017-06-05 10:55:20','','54','','修改了订单','2017-06-05 10:55:20','2017-06-05 10:55:20',0,'0','[]'),(363,247,0,'intention','确定意向','2017-06-05 16:38:57','','54','','','2017-06-05 16:38:57','2017-06-05 16:38:57',0,'0','[]'),(364,247,0,'marketapproval','销售总监审批','2017-06-05 16:39:17','','54','','正常','2017-06-05 16:39:17','2017-06-05 16:39:17',0,'0','[]'),(365,247,0,'approval','运营总监审批','2017-06-05 16:40:00','','1','','测试测试','2017-06-05 16:40:00','2017-06-05 16:40:00',0,'0','[]'),(366,247,1,'signpage','签订合同','2017-06-05 16:40:08','','1','','测试','2017-06-05 16:40:08','2017-06-05 16:40:08',0,'0','[]'),(367,247,0,'intention','重新确定合作意向','2017-06-05 16:40:55','','1','','修改了订单','2017-06-05 16:40:55','2017-06-05 16:40:55',0,'0','[]'),(368,240,0,'approval','运营总监审批','2017-06-06 00:12:30','','2','','周二下午五点给货。','2017-06-06 00:12:30','2017-06-06 00:12:30',0,'0','[]'),(369,240,0,'signpage','签订合同','2017-06-06 00:12:41','','2','','已签','2017-06-06 00:12:41','2017-06-06 00:12:41',0,'0','[]'),(370,240,0,'pageconfirm','确认收到合同','2017-06-06 00:12:53','','2','','已收到合同','2017-06-06 00:12:53','2017-06-06 00:12:53',0,'0','[]'),(371,240,0,'pay','支付','2017-06-06 00:13:05','','2','','完成支付','2017-06-06 00:13:05','2017-06-06 00:13:05',0,'0','[]'),(459,230,0,'pay','支付','2017-06-12 10:54:17','','2','','正常','2017-06-12 10:54:17','2017-06-12 10:54:17',0,'0','[]'),(440,259,0,'intention','确定意向','2017-06-07 17:36:43','','2','','','2017-06-07 17:36:43','2017-06-07 17:36:43',0,'0','[]'),(441,259,0,'marketapproval','销售总监审批','2017-06-07 17:38:29','','54','','正常','2017-06-07 17:38:29','2017-06-07 17:38:29',0,'0','[]'),(381,252,0,'intention','确定意向','2017-06-06 14:28:00','','2','','','2017-06-06 14:28:00','2017-06-06 14:28:00',0,'0','[]'),(865,245,0,'drawpage','拟定合同','2017-06-15 17:12:23','','2','dimming/245/2/1497517940196.jpg','正常','2017-06-15 17:12:23','2017-06-15 17:12:23',0,'0','[]'),(864,243,0,'approval','运营总监审批','2017-06-15 17:11:21','','2','','正常','2017-06-15 17:11:21','2017-06-15 17:11:21',0,'0','[]'),(445,259,0,'pay','支付','2017-06-07 17:38:55','','1','','正常','2017-06-07 17:38:55','2017-06-07 17:38:55',0,'0','[]'),(444,259,0,'pageconfirm','确认收到合同','2017-06-07 17:38:53','','1','','正常','2017-06-07 17:38:53','2017-06-07 17:38:53',0,'0','[]'),(387,252,0,'marketapproval','销售总监审批','2017-06-06 14:43:39','','54','','222','2017-06-06 14:43:39','2017-06-06 14:43:39',0,'0','[]'),(388,252,0,'approval','运营总监审批','2017-06-06 14:44:08','','2','','正常','2017-06-06 14:44:08','2017-06-06 14:44:08',0,'0','[]'),(389,252,0,'signpage','签订合同','2017-06-06 14:44:12','','2','','aaa','2017-06-06 14:44:12','2017-06-06 14:44:12',0,'0','[]'),(390,252,0,'pageconfirm','确认收到合同','2017-06-06 14:44:14','','2','','正常','2017-06-06 14:44:14','2017-06-06 14:44:14',0,'0','[]'),(391,252,1,'pay','支付','2017-06-06 14:44:25','','2','','111','2017-06-06 14:44:25','2017-06-06 14:44:25',0,'0','[]'),(392,252,0,'intention','重新确定合作意向','2017-06-06 14:44:30','','2','','修改了订单','2017-06-06 14:44:30','2017-06-06 14:44:30',0,'0','[]'),(393,252,0,'pay','支付','2017-06-06 14:44:36','','2','','正常','2017-06-06 14:44:36','2017-06-06 14:44:36',0,'0','[]'),(394,252,0,'deliver','交付市场','2017-06-06 15:45:23','','1','','正常','2017-06-06 15:45:23','2017-06-06 15:45:23',0,'0','[]'),(442,259,0,'approval','运营总监审批','2017-06-07 17:38:50','','1','','正常','2017-06-07 17:38:50','2017-06-07 17:38:50',0,'0','[]'),(443,259,0,'signpage','签订合同','2017-06-07 17:38:52','','1','','正常','2017-06-07 17:38:52','2017-06-07 17:38:52',0,'0','[]'),(458,230,0,'pageconfirm','确认收到合同','2017-06-12 10:50:10','','54','','正常','2017-06-12 10:50:10','2017-06-12 10:50:10',0,'0','[]'),(446,260,0,'intention','确定意向','2017-06-08 20:27:26','','1','','','2017-06-08 20:27:26','2017-06-08 20:27:26',0,'0','[]'),(447,260,0,'marketapproval','销售总监审批','2017-06-08 20:28:16','','54','','正常','2017-06-08 20:28:16','2017-06-08 20:28:16',0,'0','[]'),(448,260,0,'approval','运营总监审批','2017-06-08 20:28:33','','1','','正常','2017-06-08 20:28:33','2017-06-08 20:28:33',0,'0','[]'),(449,260,0,'signpage','签订合同','2017-06-08 20:28:34','','1','','正常','2017-06-08 20:28:34','2017-06-08 20:28:34',0,'0','[]'),(450,260,0,'pageconfirm','确认收到合同','2017-06-08 20:28:36','','1','','正常','2017-06-08 20:28:36','2017-06-08 20:28:36',0,'0','[]'),(451,260,0,'pay','支付','2017-06-08 20:28:37','','1','','正常','2017-06-08 20:28:37','2017-06-08 20:28:37',0,'0','[]'),(863,238,0,'pay','支付','2017-06-15 17:10:19','','2','','正常','2017-06-15 17:10:19','2017-06-15 17:10:19',0,'46000','[]'),(453,208,0,'signpage','签订合同','2017-06-12 10:33:14','','54','','已签合同','2017-06-12 10:33:14','2017-06-15 15:26:39',1,'0','[]'),(454,208,0,'pageconfirm','确认收到合同','2017-06-12 10:33:44','','54','','已收到','2017-06-12 10:33:44','2017-06-15 15:26:36',1,'0','[]'),(455,230,0,'intention','重新确定合作意向','2017-06-12 10:36:22','','54','','修改了订单','2017-06-12 10:36:22','2017-06-12 10:36:22',0,'0','[]'),(456,230,0,'approval','运营总监审批','2017-06-12 10:49:49','','2','','正常','2017-06-12 10:49:49','2017-06-12 10:49:49',0,'0','[]'),(457,230,0,'signpage','签订合同','2017-06-12 10:50:06','','54','','正常','2017-06-12 10:50:06','2017-06-12 10:50:06',0,'0','[]'),(862,238,0,'signpage','合同签订','2017-06-15 17:10:13','','2','','正常','2017-06-15 17:10:13','2017-06-15 17:10:13',0,'0','[]'),(490,203,0,'drawpage','拟定合同','2017-06-13 10:31:01','','2','','正常','2017-06-13 10:31:01','2017-06-13 10:31:03',1,'0','[]'),(861,238,0,'confirmpage','合同审批','2017-06-15 17:10:10','','2','','正常','2017-06-15 17:10:10','2017-06-15 17:10:10',0,'0','[]'),(857,237,0,'signpage','合同签订','2017-06-15 17:09:40','','2','','正常','2017-06-15 17:09:40','2017-06-15 17:09:40',0,'0','[]'),(858,237,0,'pay','支付','2017-06-15 17:09:44','','2','','正常','2017-06-15 17:09:44','2017-06-15 17:09:44',0,'46000','[]'),(859,238,0,'approval','运营总监审批','2017-06-15 17:09:56','','2','','正常','2017-06-15 17:09:56','2017-06-15 17:09:56',0,'0','[]'),(860,238,0,'drawpage','拟定合同','2017-06-15 17:10:06','','2','dimming/238/2/1497517802567.jpg','正常','2017-06-15 17:10:06','2017-06-15 17:10:06',0,'0','[]'),(867,245,0,'signpage','合同签订','2017-06-15 17:12:41','','2','','正常','2017-06-15 17:12:41','2017-06-15 17:12:41',0,'0','[]'),(868,275,0,'marketapproval','销售总监审批','2017-06-15 17:13:16','','54','','正常','2017-06-15 17:13:16','2017-06-15 17:13:16',0,'0','[]'),(866,245,0,'confirmpage','合同审批','2017-06-15 17:12:26','','2','','正常','2017-06-15 17:12:26','2017-06-15 17:12:26',0,'0','[]'),(855,237,0,'drawpage','拟定合同','2017-06-15 17:09:33','','2','dimming/237/2/1497517769769.jpg','正常','2017-06-15 17:09:33','2017-06-15 17:09:33',0,'0','[]'),(856,237,0,'confirmpage','合同审批','2017-06-15 17:09:36','','2','','正常','2017-06-15 17:09:36','2017-06-15 17:09:36',0,'0','[]'),(853,236,0,'pay','支付','2017-06-15 17:09:13','','2','','正常','2017-06-15 17:09:13','2017-06-15 17:09:13',0,'40000','[]'),(852,236,0,'signpage','合同签订','2017-06-15 17:09:08','','2','','正常','2017-06-15 17:09:08','2017-06-15 17:09:08',0,'0','[]'),(854,237,0,'approval','运营总监审批','2017-06-15 17:09:23','','2','','正常','2017-06-15 17:09:23','2017-06-15 17:09:23',0,'0','[]'),(851,236,0,'confirmpage','合同审批','2017-06-15 17:09:03','','2','','正常','2017-06-15 17:09:03','2017-06-15 17:09:03',0,'0','[]'),(850,236,0,'drawpage','拟定合同','2017-06-15 17:09:00','','2','dimming/236/2/1497517736407.jpg','正常','2017-06-15 17:09:00','2017-06-15 17:09:00',0,'0','[]'),(849,236,0,'approval','运营总监审批','2017-06-15 17:08:52','','2','','正常','2017-06-15 17:08:52','2017-06-15 17:08:52',0,'0','[]'),(848,235,0,'pay','支付','2017-06-15 17:08:38','','2','','正常','2017-06-15 17:08:38','2017-06-15 17:08:38',0,'46000','[]'),(847,235,0,'signpage','合同签订','2017-06-15 17:08:32','','2','','正常','2017-06-15 17:08:32','2017-06-15 17:08:32',0,'0','[]'),(846,235,0,'confirmpage','合同审批','2017-06-15 17:08:25','','2','','正常','2017-06-15 17:08:25','2017-06-15 17:08:25',0,'0','[]'),(845,235,0,'drawpage','拟定合同','2017-06-15 17:08:23','','2','dimming/235/2/1497517699722.jpg','正常','2017-06-15 17:08:23','2017-06-15 17:08:23',0,'0','[]'),(843,232,0,'pay','支付','2017-06-15 17:06:55','','2','','正常','2017-06-15 17:06:55','2017-06-15 17:06:55',0,'30000','[]'),(844,235,0,'approval','运营总监审批','2017-06-15 17:08:15','','2','','正常','2017-06-15 17:08:15','2017-06-15 17:08:15',0,'0','[]'),(842,232,0,'signpage','合同签订','2017-06-15 17:06:48','','2','','正常','2017-06-15 17:06:48','2017-06-15 17:06:48',0,'0','[]'),(841,267,0,'confirmpage','合同审批','2017-06-15 17:05:25','','2','','正常','2017-06-15 17:05:25','2017-06-15 17:05:25',0,'0','[]'),(839,267,0,'approval','运营总监审批','2017-06-15 17:05:08','','2','','正常','2017-06-15 17:05:08','2017-06-15 17:05:08',0,'0','[]'),(840,267,0,'drawpage','拟定合同','2017-06-15 17:05:21','','2','dimming/267/2/1497517512606.jpg','正常','2017-06-15 17:05:21','2017-06-15 17:05:21',0,'0','[]'),(838,246,0,'confirmpage','合同审批','2017-06-15 17:04:48','','2','','正常','2017-06-15 17:04:48','2017-06-15 17:04:48',0,'0','[]'),(837,246,0,'drawpage','拟定合同','2017-06-15 17:04:45','','2','dimming/246/2/1497517479116.jpg','正常','2017-06-15 17:04:45','2017-06-15 17:04:45',0,'0','[]'),(833,242,0,'signpage','合同签订','2017-06-15 17:01:30','','2','','赞助','2017-06-15 17:01:30','2017-06-15 17:01:30',0,'0','[]'),(834,242,0,'pay','支付','2017-06-15 17:01:37','','2','','赞助','2017-06-15 17:01:37','2017-06-15 17:01:37',0,'0','[]'),(835,242,0,'deliver','交付市场','2017-06-15 17:02:23','','2','','正常','2017-06-15 17:02:23','2017-06-15 17:02:23',0,'0','[]'),(836,246,0,'approval','运营总监审批','2017-06-15 17:04:34','','2','','正常','2017-06-15 17:04:34','2017-06-15 17:04:34',0,'0','[]'),(832,242,0,'confirmpage','合同审批','2017-06-15 17:01:23','','2','','正常','2017-06-15 17:01:23','2017-06-15 17:01:23',0,'0','[]'),(831,242,0,'drawpage','拟定合同','2017-06-15 17:01:20','','2','dimming/242/2/1497517275523.jpg','正常','2017-06-15 17:01:20','2017-06-15 17:01:20',0,'0','[]'),(830,242,0,'approval','运营总监审批','2017-06-15 17:01:10','','2','','正常','2017-06-15 17:01:10','2017-06-15 17:01:10',0,'0','[]'),(829,241,0,'pay','支付','2017-06-15 16:58:38','','2','','正常','2017-06-15 16:58:38','2017-06-15 16:58:38',0,'0','[]'),(828,241,0,'signpage','合同签订','2017-06-15 16:58:31','','2','','没钱','2017-06-15 16:58:31','2017-06-15 16:58:31',0,'0','[]'),(827,241,0,'confirmpage','合同审批','2017-06-15 16:57:28','','2','','正常','2017-06-15 16:57:28','2017-06-15 16:57:28',0,'0','[]'),(826,241,0,'drawpage','拟定合同','2017-06-15 16:55:41','','2','dimming/241/2/1497516932075.jpg','正常','2017-06-15 16:55:41','2017-06-15 16:55:41',0,'0','[]'),(825,241,0,'approval','运营总监审批','2017-06-15 16:55:25','','2','','正常','2017-06-15 16:55:25','2017-06-15 16:55:25',0,'0','[]'),(824,229,0,'signpage','合同签订','2017-06-15 16:54:42','','2','','正常','2017-06-15 16:54:42','2017-06-15 16:54:42',0,'0','[]'),(823,229,0,'confirmpage','合同审批','2017-06-15 16:54:34','','2','','正常','2017-06-15 16:54:34','2017-06-15 16:54:34',0,'0','[]'),(822,229,0,'drawpage','拟定合同','2017-06-15 16:54:31','','2','dimming/229/2/1497516866804.jpg','正常','2017-06-15 16:54:31','2017-06-15 16:54:31',0,'0','[]'),(821,229,0,'approval','运营总监审批','2017-06-15 16:54:21','','2','','正常','2017-06-15 16:54:21','2017-06-15 16:54:21',0,'0','[]'),(808,231,0,'confirmpage','合同审批','2017-06-15 16:48:58','','2','','正常','2017-06-15 16:48:58','2017-06-15 16:48:58',0,'0','[]'),(809,231,0,'signpage','合同签订','2017-06-15 16:49:04','','2','','正常','2017-06-15 16:49:04','2017-06-15 16:49:04',0,'0','[]'),(810,231,0,'pay','支付','2017-06-15 16:49:10','','2','','正常','2017-06-15 16:49:10','2017-06-15 16:49:10',0,'92000','[]'),(811,212,0,'approval','运营总监审批','2017-06-15 16:49:46','','2','','正常','2017-06-15 16:49:46','2017-06-15 16:49:46',0,'0','[]'),(812,212,0,'drawpage','拟定合同','2017-06-15 16:49:57','','2','dimming/212/2/1497516593684.jpg','正常','2017-06-15 16:49:57','2017-06-15 16:49:57',0,'0','[]'),(813,212,0,'confirmpage','合同审批','2017-06-15 16:50:02','','2','','正常','2017-06-15 16:50:02','2017-06-15 16:50:02',0,'0','[]'),(814,212,0,'signpage','合同签订','2017-06-15 16:50:15','','2','','正常','2017-06-15 16:50:15','2017-06-15 16:50:15',0,'0','[]'),(815,212,0,'pay','支付','2017-06-15 16:50:26','','2','','正常','2017-06-15 16:50:26','2017-06-15 16:50:26',0,'36800','[]'),(816,232,0,'confirmpage','合同审批','2017-06-15 16:52:12','','2','','正常','2017-06-15 16:52:12','2017-06-15 16:52:12',0,'0','[]'),(817,233,0,'drawpage','拟定合同','2017-06-15 16:53:14','','2','dimming/233/2/1497516789957.jpg','正常','2017-06-15 16:53:14','2017-06-15 16:53:14',0,'0','[]'),(818,233,0,'confirmpage','合同审批','2017-06-15 16:53:23','','2','','正常','2017-06-15 16:53:23','2017-06-15 16:53:23',0,'0','[]'),(819,233,0,'signpage','合同签订','2017-06-15 16:53:25','','2','','正常','2017-06-15 16:53:25','2017-06-15 16:53:25',0,'0','[]'),(820,233,0,'pay','支付','2017-06-15 16:53:50','','2','','赞助','2017-06-15 16:53:50','2017-06-15 16:53:50',0,'23000','[]'),(806,231,0,'approval','运营总监审批','2017-06-15 16:47:04','','2','','正常','2017-06-15 16:47:04','2017-06-15 16:47:04',0,'0','[]'),(807,231,0,'drawpage','拟定合同','2017-06-15 16:47:18','','2','dimming/231/2/1497516433995.jpg','正常','2017-06-15 16:47:18','2017-06-15 16:47:18',0,'0','[]'),(803,211,0,'confirmpage','合同审批','2017-06-15 16:46:31','','2','','正常','2017-06-15 16:46:31','2017-06-15 16:46:31',0,'0','[]'),(804,211,0,'signpage','合同签订','2017-06-15 16:46:33','','2','','正常','2017-06-15 16:46:33','2017-06-15 16:46:33',0,'0','[]'),(805,211,0,'pay','支付','2017-06-15 16:46:47','','2','','正常','2017-06-15 16:46:47','2017-06-15 16:46:47',0,'92000','[]'),(801,211,0,'approval','运营总监审批','2017-06-15 16:46:19','','2','','正常','2017-06-15 16:46:19','2017-06-15 16:46:19',0,'0','[]'),(583,267,0,'intention','确定意向','2017-06-13 20:16:30','','56','','','2017-06-13 20:16:30','2017-06-13 20:16:30',0,'0','[]'),(802,211,0,'drawpage','拟定合同','2017-06-15 16:46:29','','2','dimming/211/2/1497516383519.jpg','正常','2017-06-15 16:46:29','2017-06-15 16:46:29',0,'0','[]'),(800,234,0,'pay','支付','2017-06-15 16:45:35','','2','','正常','2017-06-15 16:45:35','2017-06-15 16:45:35',0,'92000','[]'),(799,234,0,'signpage','合同签订','2017-06-15 16:45:11','','2','','正常','2017-06-15 16:45:11','2017-06-15 16:45:11',0,'0','[]'),(798,234,0,'confirmpage','合同审批','2017-06-15 16:45:02','','2','','正常','2017-06-15 16:45:02','2017-06-15 16:45:02',0,'0','[]'),(790,276,0,'drawpage','拟定合同','2017-06-15 16:30:54','','54','dimming/276/54/1497515452463.jpg|dimming/276/54/1497515453200.jpg','正常','2017-06-15 16:30:54','2017-06-15 16:30:54',0,'0','[]'),(797,234,0,'drawpage','拟定合同','2017-06-15 16:44:59','','2','dimming/234/2/1497516291720.jpg','正常','2017-06-15 16:44:59','2017-06-15 16:44:59',0,'0','[]'),(796,234,0,'approval','运营总监审批','2017-06-15 16:43:10','','2','','正常','2017-06-15 16:43:10','2017-06-15 16:43:10',0,'0','[]'),(795,240,0,'deliver','交付市场','2017-06-15 16:36:32','','54','','正常','2017-06-15 16:36:32','2017-06-15 16:36:52',1,'0','[]'),(794,276,0,'deliver','交付市场','2017-06-15 16:32:39','','54','','正常','2017-06-15 16:32:39','2017-06-15 16:32:39',0,'0','[]'),(793,276,0,'pay','支付','2017-06-15 16:31:42','','54','','正常','2017-06-15 16:31:42','2017-06-15 16:31:42',0,'0','[]'),(792,276,0,'signpage','合同签订','2017-06-15 16:31:27','','54','','未打款','2017-06-15 16:31:27','2017-06-15 16:31:27',0,'0','[]'),(791,276,0,'confirmpage','合同审批','2017-06-15 16:30:58','','54','','正常','2017-06-15 16:30:58','2017-06-15 16:30:58',0,'0','[]'),(789,276,0,'approval','运营总监审批','2017-06-15 16:30:10','','2','','正常','2017-06-15 16:30:10','2017-06-15 16:30:10',0,'0','[]'),(788,276,0,'marketapproval','销售总监审批','2017-06-15 16:30:04','','54','','正常','2017-06-15 16:30:04','2017-06-15 16:30:04',0,'0','[]'),(786,208,0,'deliver','交付市场','2017-06-15 16:23:11','','55','','正常','2017-06-15 16:23:11','2017-06-15 16:23:11',0,'0','[]'),(787,276,0,'intention','确定意向','2017-06-15 16:29:09','','54','','','2017-06-15 16:29:09','2017-06-15 16:29:09',0,'0','[]'),(785,208,0,'pay','支付','2017-06-15 16:22:07','','2','','正常','2017-06-15 16:22:07','2017-06-15 16:22:07',0,'35000','[]'),(783,208,0,'confirmpage','合同审批','2017-06-15 16:21:47','','2','','正常','2017-06-15 16:21:47','2017-06-15 16:21:47',0,'0','[]'),(784,208,0,'signpage','合同签订','2017-06-15 16:22:02','','2','','正常','2017-06-15 16:22:02','2017-06-15 16:22:02',0,'0','[]'),(780,210,0,'pay','支付','2017-06-15 16:18:27','','2','','正常','2017-06-15 16:18:27','2017-06-15 16:18:27',0,'0','[]'),(781,208,0,'approval','运营总监审批','2017-06-15 16:21:14','','2','','正常','2017-06-15 16:21:14','2017-06-15 16:21:14',0,'0','[]'),(782,208,0,'drawpage','拟定合同','2017-06-15 16:21:26','','2','dimming/208/2/1497514879689.jpg','正常','2017-06-15 16:21:26','2017-06-15 16:21:26',0,'0','[]'),(774,210,0,'marketapproval','销售总监审批','2017-06-15 16:16:00','','54','','正常','2017-06-15 16:16:00','2017-06-15 16:16:00',0,'0','[]'),(775,210,0,'approval','运营总监审批','2017-06-15 16:16:22','','2','','正常','2017-06-15 16:16:22','2017-06-15 16:16:22',0,'0','[]'),(776,210,0,'drawpage','拟定合同','2017-06-15 16:16:33','','2','dimming/210/2/1497514587785.jpg','正常','2017-06-15 16:16:33','2017-06-15 16:16:33',0,'0','[]'),(777,210,0,'confirmpage','合同审批','2017-06-15 16:16:37','','2','','正常','2017-06-15 16:16:37','2017-06-15 16:16:37',0,'0','[]'),(778,210,0,'signpage','合同签订','2017-06-15 16:17:29','','2','','正常','2017-06-15 16:17:29','2017-06-15 16:17:29',0,'0','[]'),(779,210,0,'pay','支付','2017-06-15 16:18:06','','2','','正常','2017-06-15 16:18:06','2017-06-15 16:18:13',1,'0','[]'),(772,210,1,'marketapproval','销售总监审批','2017-06-15 16:13:20','','54','','数量14','2017-06-15 16:13:20','2017-06-15 16:13:20',0,'0','[]'),(773,210,0,'intention','重新确定合作意向','2017-06-15 16:15:11','','55','','修改了订单','2017-06-15 16:15:11','2017-06-15 16:15:11',0,'0','[]'),(771,210,0,'marketapproval','销售总监审批','2017-06-15 16:13:06','','54','','数量14','2017-06-15 16:13:06','2017-06-15 16:13:10',1,'0','[]'),(770,208,1,'approval','运营总监审批','2017-06-15 16:09:54','','2','','数量错了','2017-06-15 16:09:54','2017-06-15 16:12:04',1,'0','[]'),(769,209,0,'deliver','交付市场','2017-06-15 16:07:51','','2','','正常','2017-06-15 16:07:51','2017-06-15 16:07:51',0,'0','[]'),(767,209,0,'signpage','合同签订','2017-06-15 16:06:28','','2','','正常','2017-06-15 16:06:28','2017-06-15 16:06:28',0,'0','[]'),(768,209,0,'pay','支付','2017-06-15 16:06:44','','2','','正常','2017-06-15 16:06:44','2017-06-15 16:06:44',0,'46000','[]'),(766,209,0,'confirmpage','合同审批','2017-06-15 16:06:17','','2','','正常','2017-06-15 16:06:17','2017-06-15 16:06:17',0,'0','[]'),(765,209,0,'drawpage','拟定合同','2017-06-15 16:06:11','','2','dimming/209/2/1497513961424.jpg','正常','2017-06-15 16:06:11','2017-06-15 16:06:11',0,'0','[]'),(757,244,0,'drawpage','拟定合同','2017-06-15 15:43:35','','56','dimming/244/56/1497512609198.jpg|dimming/244/56/1497512612500.jpg','正常','2017-06-15 15:43:35','2017-06-15 15:43:35',0,'0','[]'),(758,203,0,'approval','运营总监审批','2017-06-15 15:45:52','','2','','正常','2017-06-15 15:45:52','2017-06-15 15:45:52',0,'0','[]'),(759,203,0,'drawpage','拟定合同','2017-06-15 15:49:17','','2','dimming/203/2/1497512949592.jpg','正常','2017-06-15 15:49:17','2017-06-15 15:49:17',0,'0','[]'),(760,203,0,'confirmpage','合同审批','2017-06-15 15:49:59','','54','','正常','2017-06-15 15:49:59','2017-06-15 15:49:59',0,'0','[]'),(761,203,0,'signpage','合同签订','2017-06-15 15:50:02','','54','','正常','2017-06-15 15:50:02','2017-06-15 15:50:05',1,'0','[]'),(762,203,0,'signpage','合同签订','2017-06-15 15:50:10','','54','','正常','2017-06-15 15:50:10','2017-06-15 15:50:10',0,'0','[]'),(763,203,0,'pay','支付','2017-06-15 15:50:24','','54','','正常','2017-06-15 15:50:24','2017-06-15 15:50:24',0,'35000','[]'),(764,203,0,'deliver','交付市场','2017-06-15 16:05:35','','55','','正常','2017-06-15 16:05:35','2017-06-15 16:05:35',0,'0','[]'),(756,195,0,'deliver','交付市场','2017-06-15 15:40:18','','55','','正常','2017-06-15 15:40:18','2017-06-15 15:40:18',0,'0','[]'),(755,232,0,'drawpage','拟定合同','2017-06-15 15:29:39','','56','dimming/232/56/1497511772886.jpg|dimming/232/56/1497511776727.jpg','正常','2017-06-15 15:29:39','2017-06-15 15:29:39',0,'0','[]'),(754,209,0,'approval','运营总监审批','2017-06-15 15:21:46','','2','','正常','2017-06-15 15:21:46','2017-06-15 15:21:46',0,'0','[]'),(750,232,0,'approval','运营总监审批','2017-06-15 15:15:16','','2','','正常','2017-06-15 15:15:16','2017-06-15 15:15:16',0,'0','[]'),(751,196,0,'deliver','交付市场','2017-06-15 15:17:59','','55','','正常','2017-06-15 15:17:59','2017-06-15 15:17:59',0,'0','[]'),(752,207,0,'deliver','交付市场','2017-06-15 15:19:28','','55','','正常','2017-06-15 15:19:28','2017-06-15 15:19:28',0,'0','[]'),(753,197,0,'deliver','交付市场','2017-06-15 15:20:55','','55','','正常','2017-06-15 15:20:55','2017-06-15 15:20:55',0,'0','[]'),(749,230,0,'deliver','交付市场','2017-06-15 15:13:52','','56','','正常','2017-06-15 15:13:52','2017-06-15 15:13:52',0,'0','[]'),(748,267,0,'marketapproval','销售总监审批','2017-06-15 15:12:48','','54','','正常','2017-06-15 15:12:48','2017-06-15 15:12:48',0,'0','[]'),(746,275,0,'intention','确定意向','2017-06-15 15:11:23','','55','','','2017-06-15 15:11:23','2017-06-15 15:11:23',0,'0','[]'),(747,246,0,'marketapproval','销售总监审批','2017-06-15 15:12:00','','54','','正常','2017-06-15 15:12:00','2017-06-15 15:12:00',0,'0','[]'),(869,275,0,'approval','运营总监审批','2017-06-15 17:13:22','','2','','正常','2017-06-15 17:13:22','2017-06-15 17:13:22',0,'0','[]'),(870,275,0,'drawpage','拟定合同','2017-06-15 17:13:32','','2','dimming/275/2/1497518007199.jpg','正常','2017-06-15 17:13:32','2017-06-15 17:13:32',0,'0','[]'),(871,275,0,'confirmpage','合同审批','2017-06-15 17:13:34','','2','','正常','2017-06-15 17:13:34','2017-06-15 17:13:34',0,'0','[]'),(872,277,0,'intention','确定意向','2017-06-15 17:17:43','','56','','','2017-06-15 17:17:43','2017-06-15 17:17:43',0,'0','[]'),(873,277,0,'marketapproval','销售总监审批','2017-06-15 17:20:13','','2','','正常','2017-06-15 17:20:13','2017-06-15 17:20:13',0,'0','[]'),(874,277,0,'approval','运营总监审批','2017-06-15 17:20:16','','2','','正常','2017-06-15 17:20:16','2017-06-15 17:20:16',0,'0','[]'),(875,277,0,'drawpage','拟定合同','2017-06-15 17:20:33','','2','dimming/277/2/1497518424869.jpg','正常','2017-06-15 17:20:33','2017-06-15 17:20:33',0,'0','[]'),(876,277,0,'confirmpage','合同审批','2017-06-15 17:20:36','','2','','正常','2017-06-15 17:20:36','2017-06-15 17:20:36',0,'0','[]'),(877,277,0,'signpage','合同签订','2017-06-15 17:20:38','','2','','正常','2017-06-15 17:20:38','2017-06-15 17:20:38',0,'0','[]'),(878,277,0,'pay','支付','2017-06-15 17:20:45','','2','','正常','2017-06-15 17:20:45','2017-06-15 17:20:45',0,'0','[]'),(879,277,0,'deliver','交付市场','2017-06-15 17:30:05','','2','','正常','2017-06-15 17:30:05','2017-06-15 17:30:05',0,'0','[]'),(892,232,0,'deliver','交付市场','2017-06-16 11:10:29','','3','','正常','2017-06-16 11:10:29','2017-06-16 11:10:29',0,'0','[]'),(890,275,0,'signpage','合同签订','2017-06-16 10:49:17','','3','','正常','2017-06-16 10:49:17','2017-06-16 10:49:23',1,'0','[]'),(891,241,0,'deliver','交付市场','2017-06-16 11:07:45','','3','','正常','2017-06-16 11:07:45','2017-06-16 11:07:45',0,'0','[]'),(895,240,0,'delivery','发货了2台','2017-06-16 12:16:02','','3','','正常','2017-06-16 12:16:02','2017-06-16 12:16:22',1,'0','45'),(896,240,0,'deliver','交付市场','2017-06-16 12:16:02','','3','','正常','2017-06-16 12:16:02','2017-06-16 12:16:18',1,'0',''),(897,210,0,'remarks','备注：测试','2017-06-16 14:25:59','','3','','','2017-06-16 14:25:59','2017-06-16 14:26:03',1,'0',''),(898,211,0,'checkpay','支付验证','2017-06-16 15:03:34','','3','','正常','2017-06-16 15:03:34','2017-06-16 15:05:05',1,'0',''),(899,211,0,'checkpay','支付验证','2017-06-16 15:05:38','','3','','正常','2017-06-16 15:05:38','2017-06-16 15:05:38',0,'0',''),(900,212,0,'checkpay','支付验证','2017-06-16 15:05:45','','3','','正常','2017-06-16 15:05:45','2017-06-16 15:05:48',1,'0',''),(901,212,0,'checkpay','支付验证','2017-06-16 15:06:13','','54','','正常','2017-06-16 15:06:13','2017-06-16 15:06:13',0,'0',''),(902,234,0,'checkpay','支付验证','2017-06-16 15:06:17','','54','','正常','2017-06-16 15:06:17','2017-06-16 15:06:17',0,'0',''),(903,233,0,'checkpay','支付验证','2017-06-16 15:06:26','','54','','正常','2017-06-16 15:06:26','2017-06-16 15:06:26',0,'0',''),(904,231,0,'checkpay','支付验证','2017-06-16 15:06:32','','54','','正常','2017-06-16 15:06:32','2017-06-16 15:06:32',0,'0',''),(905,235,0,'checkpay','支付验证','2017-06-16 15:07:03','','54','','正常','2017-06-16 15:07:03','2017-06-16 15:07:03',0,'0',''),(906,236,0,'checkpay','支付验证','2017-06-16 15:07:08','','54','','正常','2017-06-16 15:07:08','2017-06-16 15:07:08',0,'0',''),(907,237,0,'checkpay','支付验证','2017-06-16 15:07:13','','54','','正常','2017-06-16 15:07:13','2017-06-16 15:07:13',0,'0',''),(908,238,0,'checkpay','支付验证','2017-06-16 15:07:18','','54','','正常','2017-06-16 15:07:18','2017-06-16 15:07:18',0,'0',''),(909,240,0,'checkpay','支付验证','2017-06-16 15:09:45','','54','','正常','2017-06-16 15:09:45','2017-06-16 15:09:52',1,'0',''),(910,240,0,'checkpay','支付验证','2017-06-16 15:09:55','','54','','正常','2017-06-16 15:09:55','2017-06-16 15:09:55',0,'0',''),(911,240,0,'delivery','发货了2台','2017-06-16 15:10:51','','54','','正常','2017-06-16 15:10:51','2017-06-16 15:10:51',0,'0','46'),(912,240,0,'deliver','交付市场','2017-06-16 15:10:51','','54','','正常','2017-06-16 15:10:51','2017-06-16 15:10:51',0,'0',''),(913,242,0,'checkpay','支付验证','2017-06-16 15:11:53','','54','','正常','2017-06-16 15:11:53','2017-06-16 15:11:53',0,'0',''),(914,210,0,'checkpay','支付验证','2017-06-16 15:47:52','','3','','正常','2017-06-16 15:47:52','2017-06-16 15:47:59',1,'0',''),(915,245,0,'pay','支付','2017-06-16 16:04:36','','55','','正常','2017-06-16 16:04:36','2017-06-16 16:04:36',0,'368000',''),(921,281,0,'intention','确定意向','2017-06-16 16:26:13','','55','','','2017-06-16 16:26:13','2017-06-16 16:26:13',0,'0',''),(937,210,0,'checkpay','支付验证','2017-06-16 17:40:32','','54','','正常','2017-06-16 17:40:32','2017-06-16 17:40:32',0,'0','');
/*!40000 ALTER TABLE `ordersteps` ENABLE KEYS */;
UNLOCK TABLES;

--
-- Table structure for table `products`
--

DROP TABLE IF EXISTS `products`;
/*!40101 SET @saved_cs_client     = @@character_set_client */;
/*!40101 SET character_set_client = utf8 */;
CREATE TABLE `products` (
  `id` int(255) NOT NULL AUTO_INCREMENT,
  `coding` varchar(100) NOT NULL,
  `charger` varchar(50) NOT NULL,
  `producer` varchar(50) NOT NULL DEFAULT '',
  `holder` int(100) NOT NULL DEFAULT '0',
  `orderid` int(50) NOT NULL,
  `startassemble` varchar(50) NOT NULL DEFAULT '',
  `preassemble` varchar(80) NOT NULL DEFAULT '',
  `adjreflector` varchar(80) NOT NULL DEFAULT '',
  `poireflector` varchar(80) NOT NULL DEFAULT '',
  `poiemission` varchar(80) NOT NULL DEFAULT '',
  `poireceive` varchar(50) NOT NULL DEFAULT '',
  `uvretest` varchar(80) NOT NULL DEFAULT '',
  `dynbalance` varchar(80) NOT NULL DEFAULT '',
  `assembly` varchar(80) NOT NULL DEFAULT '',
  `static` varchar(80) NOT NULL DEFAULT '',
  `reflectivity` varchar(80) NOT NULL DEFAULT '',
  `agingtest` varchar(80) NOT NULL DEFAULT '',
  `deliver` varchar(80) NOT NULL DEFAULT '',
  `courier` varchar(50) NOT NULL DEFAULT '',
  `deliverdate` varchar(50) NOT NULL DEFAULT '',
  `nowstep` varchar(255) NOT NULL DEFAULT '{}',
  `situation` varchar(255) NOT NULL DEFAULT '{}',
  `unnormal` varchar(255) NOT NULL DEFAULT '{}',
  `updatedAt` datetime NOT NULL,
  `createdAt` datetime NOT NULL,
  `dimming` varchar(80) NOT NULL DEFAULT '',
  `evaluation` varchar(80) NOT NULL DEFAULT '',
  `dimmingimg` varchar(255) NOT NULL DEFAULT '',
  `dimmingretest` varchar(80) NOT NULL DEFAULT '',
  `dimmingretestimg` varchar(80) NOT NULL DEFAULT '',
  `status` tinyint(10) NOT NULL DEFAULT '0',
  `remarks` text NOT NULL,
  `sended` tinyint(10) NOT NULL DEFAULT '0',
  `express` varchar(255) NOT NULL DEFAULT '',
  `logisticremark` varchar(255) NOT NULL DEFAULT '',
  `finalcode` varchar(255) NOT NULL DEFAULT '',
  `stationid` varchar(255) NOT NULL DEFAULT '',
  `debuger` varchar(255) NOT NULL DEFAULT '',
  PRIMARY KEY (`id`)
) ENGINE=MyISAM AUTO_INCREMENT=199 DEFAULT CHARSET=utf8;
/*!40101 SET character_set_client = @saved_cs_client */;

--
-- Dumping data for table `products`
--

LOCK TABLES `products` WRITE;
/*!40000 ALTER TABLE `products` DISABLE KEYS */;
INSERT INTO `products` VALUES (99,'LM45','42','2',0,0,'2017-05-09 22:16:00_38','','','','','','','','','','','','','','2017-06-08 08:00:00','{\"enname\":\"deliver\",\"cnname\":\"交付市场\",\"situation\":\"异常机留作研发内部使用\",\"time\":\"2017-05-16 15:05:16\"}','{\"preassemble\":\"已经组装ok\",\"dynbalance\":\"OK\",\"assembly\":\"ok\",\"evaluation\":\"异常机留作研发内部使用\",\"deliver\":\"异常机留作研发内部使用\"}','{}','2017-06-14 16:04:35','2017-05-09 22:16:42','','','','','',0,'',0,'','33333','16117200010045','',''),(100,'LM47','42','2',53,0,'2017-05-09 22:17:00_38','','','','','','','','','','','','','','','{\"enname\":\"agingtest\",\"cnname\":\"老化测试\",\"situation\":\"ok\",\"time\":\"2017-05-20 01:43:42\"}','{\"preassemble\":\"已经组装ok\",\"poiemitc\":\"OK \",\"assembly\":\"ok\",\"reflectivity\":\"ok\",\"static\":\"ok\",\"agingtest\":\"ok\"}','{}','2017-05-28 17:48:03','2017-05-09 22:17:54','','','','','',0,'',0,'','','','',''),(101,'LM48','42','2',0,241,'2017-05-09 22:20:00_38','','','','','','','','','','','','','','2017-06-30 08:00:00','{\"enname\":\"deliver\",\"cnname\":\"交付市场\",\"situation\":\"交付文旭\",\"time\":\"2017-05-25 14:13:00\"}','{\"preassemble\":\"已经组装ok\",\"dynbalance\":\"OK \",\"assembly\":\"ok\",\"reflectivity\":\"ok\",\"static\":\"ok\",\"agingtest\":\"ok\",\"evaluation\":\"确认OK\",\"deliver\":\"交付文旭\"}','{}','2017-06-16 11:07:45','2017-05-09 22:20:06','','','','','',0,'',2,'','第一次发货','16117210060048','',''),(102,'LM42','42','2',0,241,'2017-05-09 22:22:00_38','','','','','','','','','','','','','','2017-06-09 08:00:00','{\"enname\":\"deliver\",\"cnname\":\"交付市场\",\"situation\":\"交付给文旭\",\"time\":\"2017-05-21 17:47:07\"}','{\"preassemble\":\"已经组装ok\",\"adjreflector\":\"调到接收U5\",\"poireflector\":\"点接收U5\",\"poiemission\":\"UV复测完\",\"dimming\":\"OK\",\"dynbalance\":\"OK\",\"assembly\":\"上位机图像监测无异常\",\"static\":\"已完成\",\"reflectivity\":\"已完成\",\"agingtest\":\"ok\",\"deliver\":\"交付给文旭\",\"evaluation\":\"确认OK\"}','{}','2017-06-16 11:07:45','2017-05-09 22:22:35','','','','','',0,'',2,'','55555','16117210010042','',''),(103,'LM46','43','3',0,0,'2017-05-09 22:23:00_38','','','','','','','','','','','','','','2017-06-07 18:02:15','{\"enname\":\"deliver\",\"cnname\":\"交付市场\",\"situation\":\"异常机留作研发内部使用\",\"time\":\"2017-05-16 15:05:47\"}','{\"poireceive\":\"点完接收，热固化之后再点的发射\",\"assembly\":\"ok\",\"evaluation\":\"异常机留作研发内部使用\",\"deliver\":\"异常机留作研发内部使用\"}','{}','2017-06-14 16:08:06','2017-05-09 22:23:22','','','','','',0,'',0,'928087552614','123','16117210020046','',''),(104,'LM37','41','3',0,0,'2017-05-09 22:25:00_38','','','','','','','','','','','','','','','{\"enname\":\"poiemitc\",\"cnname\":\"点发射完TC\",\"situation\":\"正常\",\"time\":\"2017-06-07 14:43:04\"}','{\"preassemble\":\"已经组装ok\",\"adjreflector\":\"兰工\",\"poireflector\":\"5.9-5.10兰工\",\"poiemitc\":\"OK \"}','{}','2017-06-07 17:51:53','2017-05-09 22:25:05','','','','','',-1,'',0,'','','','',''),(105,'LM39','41','3',0,274,'2017-05-09 22:25:00_38','','','','','','','','','','','','','qqqq','2017-06-09 08:00:00','{\"enname\":\"deliver\",\"cnname\":\"交付市场\",\"situation\":\"交付带到北京\",\"time\":\"2017-05-24 14:24:49\"}','{\"preassemble\":\"已经组装ok\",\"adjreflector\":\"5.9点小反射镜\",\"poireflector\":\"5.9\",\"poiemitc\":\"OK \",\"assembly\":\"ok\",\"reflectivity\":\"反射率偶数通道无曲线，主板程序刷T416V1，偶数通道有曲线，谭工确认过\",\"static\":\"ok\",\"agingtest\":\"ok\",\"evaluation\":\"修复后OK\",\"deliver\":\"交付带到北京\"}','{}','2017-06-14 17:53:17','2017-05-09 22:25:38','','','','','',0,'',2,'123456','123','16117210050039','',''),(106,'LM50','43','3',0,242,'2017-05-10 22:26:00_38','','','','','','','','','','','','','','','{\"enname\":\"deliver\",\"cnname\":\"交付市场\",\"situation\":\"已交付\",\"time\":\"2017-05-25 14:13:59\"}','{\"preassemble\":\"已经组装ok\",\"adjreflector\":\"回波信号已验证完毕\",\"assembly\":\"ok\",\"reflectivity\":\"ok\",\"static\":\"ok\",\"agingtest\":\"ok\",\"evaluation\":\"出现抖动后修复暂未异常\",\"deliver\":\"已交付\"}','{}','2017-06-15 17:02:23','2017-05-09 22:26:52','','','','','',0,'',2,'123456','','16117210070050','',''),(107,'LM52','43','3',0,210,'2017-05-10 22:28:00_38','','','','','','','','','','','','','','','{\"enname\":\"deliver\",\"cnname\":\"交付市场\",\"situation\":\"用于客户老机器退换\",\"time\":\"2017-05-23 08:36:34\"}','{\"preassemble\":\"已经组装ok\",\"adjreflector\":\"回波信号已验证完毕\",\"dimming\":\"ok\",\"assembly\":\"ok\",\"reflectivity\":\"ok\",\"static\":\"ok\",\"agingtest\":\"ok\",\"evaluation\":\"确认OK\",\"deliver\":\"用于客户老机器退换\"}','{}','2017-06-15 16:19:58','2017-05-09 22:28:39','','','','','',0,'',1,'','','16117210030052','',''),(108,'LM49','42','2',53,209,'2017-05-10 22:29:00_38','','','','','','','','','','','','','','','{\"enname\":\"deliver\",\"cnname\":\"交付使用\",\"situation\":\"交付文旭\",\"time\":\"2017-06-09 18:04:52\"}','{\"preassemble\":\"已经组装ok\",\"dimming\":\"ok\",\"dynbalance\":\"Ok \",\"assembly\":\"ok\",\"reflectivity\":\"ok\",\"static\":\"Ok\",\"agingtest\":\"更换编码器，老化完成未见抖动\",\"evaluation\":\"声音稍大，无其他异常\",\"deliver\":\"交付文旭\"}','{}','2017-06-15 16:07:51','2017-05-09 22:29:13','','','','','',0,'',1,'','','16117230090049','',''),(109,'LM35','42','2',53,0,'2017-05-09 22:39:00_38','','','','','','','','','','','','','','','{\"enname\":\"deliver\",\"cnname\":\"交付使用\",\"situation\":\"内部研发测试机使用\",\"time\":\"2017-06-10 00:53:52\"}','{\"agingtest\":\"ok\",\"evaluation\":\"作为内部研发机使用\",\"deliver\":\"内部研发测试机使用\"}','{}','2017-06-14 16:22:06','2017-05-09 22:39:06','','','','','',0,'',0,'','','16117230010035','',''),(124,'LM58','41','3',0,0,'2017-05-18 09:13:00_38','','','','','','','','','','','','','','','{\"enname\":\"adjreflector\",\"cnname\":\"调小反射镜\",\"situation\":\"正常\",\"time\":\"2017-05-24 20:08:29\"}','{\"preassemble\":\"已完成\"}','{}','2017-06-02 19:30:55','2017-05-18 09:13:25','','','','','',-1,'',0,'','','','',''),(112,'LM53','42','2',0,0,'2017-05-11 14:17:00_38','','','','','','','','','','','','','','2017-06-09 08:00:00','{\"enname\":\"deliver\",\"cnname\":\"交付市场\",\"situation\":\"交付市场Zara\",\"time\":\"2017-05-24 14:24:02\"}','{\"preassemble\":\"已经组装ok\",\"poiemitc\":\"OK \",\"assembly\":\"ok\",\"reflectivity\":\"更换主板后OK\",\"static\":\"ok\",\"agingtest\":\"ok\",\"evaluation\":\"确认OK\",\"deliver\":\"交付市场Zara\"}','{}','2017-06-14 16:22:06','2017-05-11 14:18:08','','','','','',0,'',0,'1235','zz','16217210040053','',''),(113,'LM54','42','2',0,0,'2017-05-11 14:19:00_38','','','','','','','','','','','','','','','{\"enname\":\"deliver\",\"cnname\":\"交付市场\",\"situation\":\"交付给文旭\",\"time\":\"2017-05-22 08:48:22\"}','{\"preassemble\":\"已经组装ok\",\"poiemitc\":\"OK \",\"dynbalance\":\"OK \",\"assembly\":\"ok\",\"reflectivity\":\"ok\",\"static\":\"ok\",\"agingtest\":\"ok\",\"evaluation\":\"确认OK\",\"deliver\":\"交付给文旭\"}','{}','2017-06-14 17:25:45','2017-05-11 14:19:19','','','','','',0,'',0,'','','16117210020054','',''),(121,'LM55','42','2',53,232,'2017-05-16 13:47:00_38','','','','','','','','','','','','','','','{\"enname\":\"deliver\",\"cnname\":\"交付使用\",\"situation\":\"交付陈泉国\",\"time\":\"2017-06-14 11:29:56\"}','{\"preassemble\":\"已经组装ok\",\"dynbalance\":\"OK \",\"reflectivity\":\"ok\",\"static\":\"ok\",\"agingtest\":\"ok\",\"evaluation\":\"确认OK\",\"deliver\":\"交付陈泉国\"}','{}','2017-06-16 11:10:29','2017-05-16 13:47:44','','','','','',0,'',1,'','','16117240010055','',''),(149,'LM75','42','2',0,0,'2017-06-02 11:05:00_38','','','','','','','','','','','','','','','{\"enname\":\"deliver\",\"cnname\":\"交付使用\",\"situation\":\"邱总百度\",\"time\":\"2017-06-19 14:06:58\"}','{\"preassemble\":\"已完成\",\"adjreflector\":\"光斑整体倾斜\",\"assembly\":\"ok\",\"static\":\"ok\",\"agingtest\":\"ok\",\"evaluation\":\"U3掰弯处理，U0U1层现轻微线段状\",\"deliver\":\"邱总百度\"}','{}','2017-06-19 14:06:58','2017-06-02 11:07:08','','','','','',0,'',0,'','','161172500020075','',''),(120,'LM34','42','2',0,208,'2017-05-08 00:00:00_38','','','','','','','','','','','','','','','{\"enname\":\"deliver\",\"cnname\":\"交付市场\",\"situation\":\"已交付\",\"time\":\"2017-05-18 21:34:25\"}','{\"preassemble\":\"已经组装ok\",\"dynbalance\":\"OK \",\"assembly\":\"监测成像散点，更换换滑环ok\",\"reflectivity\":\"ok\",\"static\":\"ok\",\"agingtest\":\"ok\",\"evaluation\":\"完成测试\",\"deliver\":\"已交付\"}','{}','2017-06-15 16:23:11','2017-05-15 19:10:12','','','','','',0,'',1,'23232131232','','16117200030034','',''),(122,'LM56','42','2',0,240,'2017-05-16 08:30:00_38','','','','','','','','','','','','','','','{\"enname\":\"deliver\",\"cnname\":\"交付市场\",\"situation\":\"同60一起交付\",\"time\":\"2017-06-06 20:54:48\"}','{\"preassemble\":\"已经组装ok\",\"dimmingretest\":\"TC后数据变化异常\",\"dynbalance\":\"ok\",\"reflectivity\":\"ok\",\"static\":\"ok\",\"agingtest\":\"ok\",\"evaluation\":\"使用新的去噪点固件，路测发现无法完全剔除。\",\"deliver\":\"同60一起交付\"}','{}','2017-06-16 15:10:51','2017-05-16 13:49:17','','','','','',0,'',2,'','','16117230010056','',''),(125,'LM57','43','3',0,0,'2017-05-18 09:23:00_38','','','','','','','','','','','','','','','{\"enname\":\"poiemitc\",\"cnname\":\"点发射完TC\",\"situation\":\"正常\",\"time\":\"2017-06-15 09:30:50\"}','{\"preassemble\":\"已完成\"}','{}','2017-06-17 14:06:26','2017-05-18 09:23:11','','','','','',-1,'',0,'','','','',''),(126,'LM59','42','2',47,0,'2017-05-18 09:25:00_38','','','','','','','','','','','','','','','{\"enname\":\"agingtest\",\"cnname\":\"老化测试\",\"situation\":\"正常\",\"time\":\"2017-05-28 13:44:04\"}','{\"preassemble\":\"已完成\",\"assembly\":\"ok\",\"reflectivity\":\"反射率曲线部分通道异常\",\"static\":\"部分通道有断线／不规则\"}','{}','2017-05-31 10:01:48','2017-05-18 09:25:23','','','','','',0,'',0,'','','','',''),(127,'LM60','42','2',53,240,'2017-05-18 09:25:00_38','','','','','','','','','','','','','','','{\"enname\":\"deliver\",\"cnname\":\"交付市场\",\"situation\":\"和56一起交付\",\"time\":\"2017-06-06 20:56:05\"}','{\"preassemble\":\"已完成\",\"dynbalance\":\"ok\",\"reflectivity\":\"ok\",\"static\":\"ok\",\"agingtest\":\"ok\",\"evaluation\":\"使用新的去噪点固件，路测偶发噪点情况多余56号机。\",\"deliver\":\"和56一起交付\"}','{}','2017-06-16 15:10:51','2017-05-18 09:25:51','','','','','',0,'',2,'','','16117230020060','',''),(128,'LM61','42','2',53,276,'2017-05-18 09:27:00_38','','','','','','','','','','','','','','','{\"enname\":\"deliver\",\"cnname\":\"交付市场\",\"situation\":\"交付Mark\",\"time\":\"2017-06-07 11:04:41\"}','{\"preassemble\":\"已完成\",\"dimming\":\"ok\",\"agingtest\":\"ok\",\"evaluation\":\"新固件噪点产生概率较高\",\"deliver\":\"交付Mark\"}','{}','2017-06-15 16:32:39','2017-05-18 09:27:20','','','','','',0,'',2,'','','16117230060061','',''),(129,'LM62','42','2',53,276,'2017-05-18 09:32:00_38','','','','','','','','','','','','','','','{\"enname\":\"deliver\",\"cnname\":\"交付市场\",\"situation\":\"交付Mark\",\"time\":\"2017-06-07 11:01:48\"}','{\"preassemble\":\"已完成\",\"dimming\":\"ok\",\"assembly\":\"ok\",\"reflectivity\":\"ok\",\"static\":\"ok\",\"agingtest\":\"ok\",\"evaluation\":\"新版固件路测噪点出现概率较低\",\"deliver\":\"交付Mark\"}','{}','2017-06-15 16:32:39','2017-05-18 09:32:10','','','','','',0,'',2,'','','16117230040062','',''),(136,'LM65','42','2',0,0,'2017-05-25 09:00:00_38','','','','','','','','','','','','','','','{\"enname\":\"preassemble\",\"cnname\":\"预组装\",\"situation\":\"已完成\",\"time\":\"2017-05-25 11:31:48\"}','{\"preassemble\":\"已完成\"}','{}','2017-06-02 19:33:59','2017-05-25 10:08:43','','','','','',-1,'',0,'','','','',''),(131,'LM63','41','3',53,230,'2017-05-22 11:46:00_38','','','','','','','','','','','','','','','{\"enname\":\"deliver\",\"cnname\":\"交付市场\",\"situation\":\"交付泉国\",\"time\":\"2017-06-06 21:36:11\"}','{\"preassemble\":\"已完成\",\"agingtest\":\"ok\",\"evaluation\":\"路测反射率一般。静态环境测试有偶发性的噪点。\",\"deliver\":\"交付泉国\"}','{}','2017-06-15 15:13:52','2017-05-22 11:46:17','','','','','',0,'',1,'','','16117230030063','',''),(132,'LM66','43','3',0,0,'2017-05-22 11:46:00_38','','','','','','','','','','','','','','','{\"enname\":\"poireflector\",\"cnname\":\"点小反射镜\",\"situation\":\"6月3日和5日两次验证信号差异大\",\"time\":\"2017-06-05 21:03:01\"}','{\"preassemble\":\"已完成\",\"adjreflector\":\"暂未发现接触不良\",\"poireflector\":\"管脚变松，部分金层磨损\",\"poiemission\":\"6月3日和5日两次验证信号差异大\"}','{}','2017-06-07 17:50:09','2017-05-22 11:46:42','','','','','',-1,'',0,'','','','',''),(134,'LM64','42','2',53,0,'2017-05-23 09:25:00_38','','','','','','','','','','','','','','','{\"enname\":\"agingtest\",\"cnname\":\"老化测试\",\"situation\":\"ok\",\"time\":\"2017-06-01 10:50:01\"}','{\"preassemble\":\"已完成\",\"dimmingretest\":\"D0接触不良，管脚掰弯后正常\",\"assembly\":\"ok\",\"reflectivity\":\"ok\",\"static\":\"ok\",\"agingtest\":\"ok\"}','{}','2017-06-01 10:50:01','2017-05-23 09:25:47','','','','','',0,'',0,'','','','',''),(135,'LM67','42','2',0,0,'2017-05-24 19:58:00_38','','','','','','','','','','','','','','','{\"enname\":\"deliver\",\"cnname\":\"交付使用\",\"situation\":\"交付北联大\",\"time\":\"2017-06-09 18:00:44\"}','{\"preassemble\":\"已完成\",\"evaluation\":\"测距性能优异 ，近距离饱和测距有四通道\",\"deliver\":\"交付北联大\"}','{}','2017-06-09 18:00:44','2017-05-24 19:58:30','','','','','',0,'',0,'','','16117230080067','',''),(137,'LM68','43','3',0,0,'2017-05-31 10:27:00_38','','','','','','','','','','','','','','','{\"enname\":\"poiemitc\",\"cnname\":\"点发射完TC\",\"situation\":\"正常\",\"time\":\"2017-06-17 19:46:14\"}','{\"preassemble\":\"已完成\"}','{}','2017-06-17 19:46:14','2017-05-31 10:27:33','','','','','',0,'',0,'','','','',''),(138,'LM69','41','3',53,0,'2017-05-31 10:28:00_38','','','','','','','','','','','','','','','{\"enname\":\"deliver\",\"cnname\":\"交付使用\",\"situation\":\"交付Zara\",\"time\":\"2017-06-15 21:17:04\"}','{\"preassemble\":\"已完成\",\"dynbalance\":\"ok\",\"assembly\":\"ok\",\"evaluation\":\"U通道有两通道在4米处有有饱和现象\",\"deliver\":\"交付Zara\"}','{}','2017-06-15 21:17:04','2017-05-31 10:29:01','','','','','',0,'',0,'','','16117240020069','',''),(139,'LM70','42','2',53,0,'2017-05-27 10:28:00_38','','','','','','','','','','','','','','','{\"enname\":\"deliver\",\"cnname\":\"交付使用\",\"situation\":\"交付文旭\",\"time\":\"2017-06-15 21:17:21\"}','{\"preassemble\":\"已完成\",\"evaluation\":\"有部分通道存在饱和现象\",\"deliver\":\"交付文旭\"}','{}','2017-06-15 21:17:22','2017-05-31 10:33:07','','','','','',0,'',0,'','','16117240030070','',''),(140,'LM71','42','2',53,276,'2017-05-31 10:28:00_38','','','','','','','','','','','','','','111-01-01 00:00:00','{\"enname\":\"deliver\",\"cnname\":\"交付市场\",\"situation\":\"交付Mark\",\"time\":\"2017-06-07 11:11:48\"}','{\"preassemble\":\"已完成\",\"evaluation\":\"新版固件噪点出现概率低\",\"deliver\":\"交付Mark\"}','{}','2017-06-15 16:32:39','2017-05-31 10:33:30','','','','','',0,'',2,'','','16217230070071','',''),(141,'LM72','42','2',0,0,'2017-05-31 10:28:00_38','','','','','','','','','','','','','','','{\"enname\":\"poiemitc\",\"cnname\":\"点发射完TC\",\"situation\":\"正常\",\"time\":\"2017-06-05 08:43:13\"}','{\"preassemble\":\"已完成\"}','{}','2017-06-15 09:39:54','2017-05-31 10:33:47','','','','','',0,'',0,'','','','',''),(143,'LM73','41','3',53,0,'2017-06-01 08:56:00_38','','','','','','','','','','','','','','','{\"enname\":\"deliver\",\"cnname\":\"交付使用\",\"situation\":\"交付文旭\",\"time\":\"2017-06-15 21:17:34\"}','{\"preassemble\":\"已完成\",\"assembly\":\"ok\",\"static\":\"ok\",\"agingtest\":\"ok\",\"evaluation\":\"响声较大，U3U4掰弯处理\",\"deliver\":\"交付文旭\"}','{}','2017-06-15 21:17:34','2017-06-01 08:56:29','','','','','',0,'',0,'','','16117240040073','',''),(144,'LM74','43','3',53,0,'2017-06-01 08:56:00_38','','','','','','','','','','','','','','','{\"enname\":\"deliver\",\"cnname\":\"交付使用\",\"situation\":\"交付文旭\",\"time\":\"2017-06-15 21:17:45\"}','{\"preassemble\":\"已完成\",\"evaluation\":\"U3U4四米处有饱和现象\",\"deliver\":\"交付文旭\"}','{}','2017-06-15 21:17:45','2017-06-01 08:56:54','','','','','',0,'',0,'','','16117240050074','',''),(152,'LM78','42','2',0,0,'2017-06-05 08:58:00_38','','','','','','','','','','','','','','','{\"enname\":\"preassemble\",\"cnname\":\"预组装\",\"situation\":\"已完成\",\"time\":\"2017-06-05 16:23:29\"}','{\"preassemble\":\"已完成\"}','{}','2017-06-17 14:12:20','2017-06-05 08:58:48','','','','','',0,'',0,'','','','',''),(151,'LM77','42','2',0,0,'2017-06-05 08:58:00_38','','','','','','','','','','','','','','','{\"enname\":\"dynbalance\",\"cnname\":\"动平衡\",\"situation\":\"继续掰管（发射/接收模组），现象雷同\",\"time\":\"2017-06-14 17:15:18\"}','{\"preassemble\":\"已完成\",\"assembly\":\"继续掰管（发射/接收模组），现象雷同\"}','{}','2017-06-14 17:16:09','2017-06-05 08:58:19','','','','','',0,'',0,'','','','',''),(150,'LM76','42','2',53,0,'2017-06-02 19:31:00_38','','','','','','','','','','','','','','','{\"enname\":\"agingtest\",\"cnname\":\"老化测试\",\"situation\":\"ok\",\"time\":\"2017-06-12 21:11:29\"}','{\"preassemble\":\"已完成\",\"assembly\":\"ok\",\"static\":\"ok\",\"agingtest\":\"ok\"}','{}','2017-06-14 15:17:29','2017-06-02 19:32:04','','','','','',0,'',0,'','','','',''),(153,'LM79','42','2',0,0,'2017-06-05 08:59:00_38','','','','','','','','','','','','','','','{\"enname\":\"deliver\",\"cnname\":\"交付使用\",\"situation\":\"邱总北汽\",\"time\":\"2017-06-19 14:06:11\"}','{\"preassemble\":\"已完成\",\"poiemitc\":\"TC完成\",\"dynbalance\":\"ok\",\"assembly\":\"ok\",\"reflectivity\":\"ok\",\"static\":\"ok\",\"agingtest\":\"ok\",\"evaluation\":\"U3通道接触不良掰弯。D1在1.5米，D3U4在3米处饱和\",\"deliver\":\"邱总北汽\"}','{}','2017-06-19 14:06:11','2017-06-05 08:59:14','','','','','',0,'',0,'','','161172500010079','',''),(160,'LM80','41','1',0,0,'2017-06-07 09:10:00_38','','','','','','','','','','','','','','','{\"enname\":\"static\",\"cnname\":\"标静态量\",\"situation\":\"正常\",\"time\":\"2017-06-18 03:34:32\"}','{\"preassemble\":\"已完成\"}','{}','2017-06-18 03:34:32','2017-06-07 14:11:36','','','','','',0,'APD(160),0.6主件',0,'','','','',''),(161,'LM81','42','1',0,0,'2017-06-07 14:12:00_38','','','','','','','','','','','','','','','{\"enname\":\"static\",\"cnname\":\"标静态量\",\"situation\":\"ok\",\"time\":\"2017-06-15 22:53:18\"}','{\"preassemble\":\"已完成\",\"uvretest\":\"UV后D4掉了，拆D1到D4后重新点胶后数据正常\",\"dynbalance\":\"ok\",\"assembly\":\"ok\",\"reflectivity\":\"ok\",\"static\":\"ok\"}','{}','2017-06-15 22:53:18','2017-06-07 14:13:09','','','','','',0,'APD(160),0.6主件',0,'','','','',''),(162,'LM83','43','1',0,0,'2017-06-08 10:42:00_38','','','','','','','','','','','','','','','{\"enname\":\"poiemitc\",\"cnname\":\"点发射完TC\",\"situation\":\"正常\",\"time\":\"2017-06-19 09:13:03\"}','{\"preassemble\":\"已完成\"}','{}','2017-06-19 09:13:03','2017-06-08 11:43:12','','','','','',0,'',0,'','','','',''),(163,'LM84','43','1',0,0,'2017-06-08 10:44:00_38','','','','','','','','','','','','','','','{\"enname\":\"assembly\",\"cnname\":\"总装\",\"situation\":\"正常\",\"time\":\"2017-06-18 02:14:08\"}','{\"preassemble\":\"已完成\",\"assembly\":\"上电烧主板，焊线正确无短路，待进一步分析。\"}','{}','2017-06-18 02:14:08','2017-06-08 11:50:18','','','','','',0,'APD(160)',0,'','','','',''),(164,'LM82','42','1',0,0,'2017-06-08 15:29:00_38','','','','','','','','','','','','','','','{\"enname\":\"poiemitc\",\"cnname\":\"点发射完TC\",\"situation\":\"正常\",\"time\":\"2017-06-17 11:49:03\"}','{\"preassemble\":\"已完成\"}','{}','2017-06-17 11:49:03','2017-06-08 15:29:40','','','','','',0,'APD(160)',0,'','','','',''),(167,'LM85','43','1',0,0,'2017-06-10 09:08:00_38','','','','','','','','','','','','','','','{\"enname\":\"poiemission\",\"cnname\":\"点发射\",\"situation\":\"正常\",\"time\":\"2017-06-17 17:13:41\"}','{\"preassemble\":\"已完成\"}','{}','2017-06-17 17:13:41','2017-06-10 09:09:49','','','','','',0,'APD(160)',0,'','','','',''),(169,'LM86','42','1',0,0,'2017-06-12 09:00:00_38','','','','','','','','','','','','','','','{\"enname\":\"static\",\"cnname\":\"标静态量\",\"situation\":\"正常\",\"time\":\"2017-06-18 03:36:15\"}','{\"preassemble\":\"已完成\",\"dimmingretest\":\"D2Tc后掉了很多\"}','{}','2017-06-18 03:36:15','2017-06-12 19:25:21','','','','','',0,'',0,'','','','',''),(170,'LM87','42','1',0,0,'2017-06-12 09:00:00_38','','','','','','','','','','','','','','','{\"enname\":\"dynbalance\",\"cnname\":\"动平衡\",\"situation\":\"正常\",\"time\":\"2017-06-19 20:17:21\"}','{\"preassemble\":\"已完成\"}','{}','2017-06-19 20:17:21','2017-06-12 19:26:01','','','','','',0,'',0,'','','','',''),(171,'LM88','41','1',0,0,'2017-06-13 09:00:00_38','','','','','','','','','','','','','','','{\"enname\":\"preassemble\",\"cnname\":\"预组装\",\"situation\":\"已完成\",\"time\":\"2017-06-13 14:19:27\"}','{\"preassemble\":\"已完成\"}','{}','2017-06-13 14:19:27','2017-06-13 14:01:01','','','','','',0,'',0,'','','','',''),(172,'LM89','43','1',0,0,'2017-06-13 09:00:00_38','','','','','','','','','','','','','','','{\"enname\":\"poiemitc\",\"cnname\":\"点发射完TC\",\"situation\":\"正常\",\"time\":\"2017-06-19 09:13:20\"}','{\"preassemble\":\"已完成\",\"poireflector\":\"反射镜完TC\"}','{}','2017-06-19 09:13:20','2017-06-13 14:01:44','','','','','',0,'',0,'','','','',''),(173,'LM90','42','1',0,0,'2017-06-13 09:00:00_38','','','','','','','','','','','','','','','{\"enname\":\"poiemitc\",\"cnname\":\"点发射完TC\",\"situation\":\"正常\",\"time\":\"2017-06-19 09:12:22\"}','{\"preassemble\":\"已完成\"}','{}','2017-06-19 09:12:22','2017-06-13 14:04:41','','','','','',0,'',0,'','','','',''),(174,'LM91','42','1',0,0,'2017-06-13 09:00:00_38','','','','','','','','','','','','','','','{\"enname\":\"poiemitc\",\"cnname\":\"点发射完TC\",\"situation\":\"正常\",\"time\":\"2017-06-19 09:12:36\"}','{\"preassemble\":\"已完成\"}','{}','2017-06-19 09:12:36','2017-06-13 14:06:43','','','','','',0,'APD(168)',0,'','','','',''),(177,'LM92','43','1',0,0,'2017-06-15 09:02:00_38','','','','','','','','','','','','','','','{\"enname\":\"preassemble\",\"cnname\":\"预组装\",\"situation\":\"已完成\",\"time\":\"2017-06-15 09:52:17\"}','{\"preassemble\":\"已完成\"}','{}','2017-06-15 09:52:17','2017-06-15 09:03:40','','','','','',0,'',0,'','','','',''),(178,'LM93','42','1',0,0,'2017-06-15 09:04:00_38','','','','','','','','','','','','','','','{\"enname\":\"adjreflector\",\"cnname\":\"调小反射镜\",\"situation\":\"正常\",\"time\":\"2017-06-16 20:31:48\"}','{\"preassemble\":\"已完成\"}','{}','2017-06-16 20:31:48','2017-06-15 09:04:30','','','','','',0,'',0,'','','','',''),(179,'LM33','45','1',0,196,'2017-06-15 00:00:00_2','','','','','','','','','','','','','','','{\"enname\":\"deliver\",\"cnname\":\"交付使用\",\"situation\":\"正常\",\"time\":\"2017-06-15 10:06:46\"}','{}','{}','2017-06-15 15:17:59','2017-05-12 14:01:44','','','','','',0,'以前生产完成的',2,'','','16117190010033','',''),(180,'LM26','45','1',0,197,'2017-06-15 00:00:00_2','','','','','','','','','','','','','','','{\"enname\":\"deliver\",\"cnname\":\"交付使用\",\"situation\":\"正常\",\"time\":\"2017-06-15 10:08:46\"}','{}','{}','2017-06-15 15:20:55','2017-05-12 14:01:44','','','','','',0,'后期生成',1,'','','16117190020026','',''),(181,'LM29','45','1',0,207,'2017-06-15 00:00:00_2','','','','','','','','','','','','','','','{\"enname\":\"deliver\",\"cnname\":\"交付使用\",\"situation\":\"正常\",\"time\":\"2017-06-15 10:10:23\"}','{}','{}','2017-06-15 15:19:28','2017-05-12 14:01:44','','','','','',0,'',2,'','','16117190030029','',''),(182,'LM测试','45','1',0,0,'2017-06-15 03:12:00_2','','','','','','','','','','','','','','','{\"enname\":\"poireceive\",\"cnname\":\"点接收+复测\",\"situation\":\"哈哈嘿嘿你跟你你孩子嘻嘻嘻嘻吱吱吱嘻嘻哈哈嘿嘿你跟你你孩子嘻嘻嘻嘻吱吱吱嘻嘻\",\"time\":\"2017-06-15 11:36:54\"}','{\"poireceive\":\"哈哈嘿嘿你跟你你孩子嘻嘻嘻嘻吱吱吱嘻嘻哈哈嘿嘿你跟你你孩子嘻嘻嘻嘻吱吱吱嘻嘻\"}','{}','2017-06-16 09:11:59','2017-06-15 11:34:44','','','','','',-1,'哈巴KKKKKK咯哦哦弄哈哈哈哈哈哈哈哈哈哈哈哈哈哈哈我哈哈哈哈哈哈哈哈哈，哈哈哈哈哈哈哈哈哈哈哈哈哈哈哈哈哈哈哈哈哈哈哈哈哈哈哈哈哈哈哈哈哈哈哈哈哈哈哈哈哈哈哈哈哈哈哈哈哈哈哈哈哈哈',0,'','','','',''),(184,'LM40','45','1',0,195,'2017-06-15 00:00:00_2','','','','','','','','','','','','','','','{\"enname\":\"deliver\",\"cnname\":\"交付使用\",\"situation\":\"正常\",\"time\":\"2017-06-15 15:22:08\"}','{}','{}','2017-06-15 15:40:18','2017-06-15 15:20:13','','','','','',0,'',1,'','','16117190040040','',''),(185,'LM43','45','1',0,203,'2017-06-15 00:00:00_2','','','','','','','','','','','','','','','{\"enname\":\"deliver\",\"cnname\":\"交付使用\",\"situation\":\"正常\",\"time\":\"2017-06-15 15:56:12\"}','{}','{}','2017-06-15 16:05:35','2017-06-15 15:54:32','','','','','',0,'',2,'','','16117190050043','',''),(186,'LM19','45','1',0,0,'2017-06-15 00:00:00_2','','','','','','','','','','','','','','','{\"enname\":\"deliver\",\"cnname\":\"交付使用\",\"situation\":\"正常\",\"time\":\"2017-06-15 16:00:44\"}','{}','{}','2017-06-15 16:00:44','2017-06-15 15:59:10','','','','','',0,'',0,'','','16117190060019','',''),(187,'LM23','45','1',0,0,'2017-06-15 00:00:00_2','','','','','','','','','','','','','','','{\"enname\":\"deliver\",\"cnname\":\"交付使用\",\"situation\":\"正常\",\"time\":\"2017-06-15 16:03:21\"}','{}','{}','2017-06-15 16:03:21','2017-06-15 16:01:52','','','','','',0,'',0,'','','16117190070023','',''),(188,'LM27','45','1',0,277,'2017-06-15 00:00:00_2','','','','','','','','','','','','','','','{\"enname\":\"deliver\",\"cnname\":\"交付使用\",\"situation\":\"正常\",\"time\":\"2017-06-15 16:05:40\"}','{}','{}','2017-06-15 17:29:32','2017-06-15 16:04:12','','','','','',0,'',2,'','','16117190080027','',''),(189,'LM25','45','1',0,210,'2017-06-15 00:00:00_2','','','','','','','','','','','','','','','{\"enname\":\"deliver\",\"cnname\":\"交付使用\",\"situation\":\"正常\",\"time\":\"2017-06-15 16:09:47\"}','{}','{}','2017-06-15 16:19:34','2017-06-15 16:08:07','','','','','',0,'',1,'','','16117190090025','',''),(190,'LM13','45','1',0,232,'2017-06-15 00:00:00_2','','','','','','','','','','','','','','','{\"enname\":\"deliver\",\"cnname\":\"交付使用\",\"situation\":\"正常\",\"time\":\"2017-06-15 17:09:31\"}','{}','{}','2017-06-16 11:09:51','2017-06-15 17:08:09','','','','','',0,'',1,'','','16117190100013','',''),(191,'LM36','45','1',0,277,'2017-06-15 00:00:00_2','','','','','','','','','','','','','','','{\"enname\":\"deliver\",\"cnname\":\"交付使用\",\"situation\":\"正常\",\"time\":\"2017-06-15 17:24:48\"}','{}','{}','2017-06-15 17:30:05','2017-06-15 17:23:14','','','','','',0,'',2,'','','16117190110036','',''),(193,'LM32','45','1',0,0,'2017-06-16 00:00:00_2','','','','','','','','','','','','','','','{\"enname\":\"deliver\",\"cnname\":\"交付使用\",\"situation\":\"正常\",\"time\":\"2017-06-16 10:09:24\"}','{}','{}','2017-06-16 10:09:24','2017-06-16 10:07:49','','','','','',0,'',0,'','','16117190120032','',''),(194,'LM94','42','1',0,0,'2017-06-16 14:00:00_38','','','','','','','','','','','','','','','{\"enname\":\"poireflector\",\"cnname\":\"点小反射镜\",\"situation\":\"正常\",\"time\":\"2017-06-17 21:50:04\"}','{\"preassemble\":\"已完成\"}','{}','2017-06-17 21:50:04','2017-06-17 14:00:24','','','','','',0,'',0,'','','','',''),(195,'LM95','43','1',0,0,'2017-06-17 09:00:00_38','','','','','','','','','','','','','','','{\"enname\":\"preassemble\",\"cnname\":\"预组装\",\"situation\":\"已完成\",\"time\":\"2017-06-17 14:56:59\"}','{\"preassemble\":\"已完成\"}','{}','2017-06-17 14:56:59','2017-06-17 14:00:55','','','','','',0,'',0,'','','','',''),(196,'LM96','43','1',0,0,'2017-06-17 09:00:00_38','','','','','','','','','','','','','','','{\"enname\":\"preassemble\",\"cnname\":\"预组装\",\"situation\":\"已完成\",\"time\":\"2017-06-17 14:56:44\"}','{\"preassemble\":\"已完成\"}','{}','2017-06-17 14:56:44','2017-06-17 14:01:46','','','','','',0,'',0,'','','','',''),(197,'LM97','42','1',0,0,'2017-06-19 09:00:00_38','','','','','','','','','','','','','','','{\"enname\":\"startassemble\",\"cnname\":\"开始生产\",\"situation\":\"正常\",\"time\":\"2017-06-19 09:00:00\"}','{}','{}','2017-06-19 10:21:59','2017-06-19 10:21:59','','','','','',0,'',0,'','','','',''),(198,'LM98','43','3',0,0,'2017-06-19 08:45:00_38','','','','','','','','','','','','','','','{\"enname\":\"startassemble\",\"cnname\":\"开始生产\",\"situation\":\"正常\",\"time\":\"2017-06-19 08:45:00\"}','{}','{}','2017-06-19 10:22:52','2017-06-19 10:22:52','','','','','',0,'',0,'','','','','');
/*!40000 ALTER TABLE `products` ENABLE KEYS */;
UNLOCK TABLES;

--
-- Table structure for table `productsteps`
--

DROP TABLE IF EXISTS `productsteps`;
/*!40101 SET @saved_cs_client     = @@character_set_client */;
/*!40101 SET character_set_client = utf8 */;
CREATE TABLE `productsteps` (
  `id` int(255) NOT NULL AUTO_INCREMENT,
  `productid` int(255) NOT NULL DEFAULT '0',
  `enname` varchar(100) NOT NULL DEFAULT '',
  `cnname` varchar(100) NOT NULL DEFAULT '',
  `status` tinyint(10) NOT NULL DEFAULT '0' COMMENT '0是完成，1是异常，-1是未完成',
  `time` varchar(50) NOT NULL DEFAULT '',
  `charger` varchar(50) NOT NULL DEFAULT '',
  `submiter` varchar(50) NOT NULL DEFAULT '',
  `operator` varchar(100) NOT NULL DEFAULT '',
  `img` text,
  `situation` varchar(255) NOT NULL DEFAULT '',
  `createdAt` datetime NOT NULL,
  `updatedAt` datetime NOT NULL,
  `revoke` tinyint(10) NOT NULL DEFAULT '0',
  PRIMARY KEY (`id`)
) ENGINE=MyISAM AUTO_INCREMENT=1617 DEFAULT CHARSET=utf8;
/*!40101 SET character_set_client = @saved_cs_client */;

--
-- Dumping data for table `productsteps`
--

LOCK TABLES `productsteps` WRITE;
/*!40000 ALTER TABLE `productsteps` DISABLE KEYS */;
INSERT INTO `productsteps` VALUES (134,99,'startassemble','开始生产',0,'2017-05-09 22:16:00','','38','','','','2017-05-09 22:16:42','2017-05-09 22:16:42',0),(135,100,'startassemble','开始生产',0,'2017-05-09 22:17:00','','38','','','','2017-05-09 22:17:54','2017-05-09 22:17:54',0),(136,101,'startassemble','开始生产',0,'2017-05-09 22:20:00','','38','','','','2017-05-09 22:20:06','2017-05-09 22:20:06',0),(137,102,'startassemble','开始生产',0,'2017-05-09 22:22:00','','38','','','','2017-05-09 22:22:35','2017-05-09 22:22:35',0),(138,103,'startassemble','开始生产',0,'2017-05-09 22:23:00','','38','','','','2017-05-09 22:23:22','2017-05-09 22:23:22',0),(139,104,'startassemble','开始生产',0,'2017-05-09 22:25:00','','38','','','','2017-05-09 22:25:05','2017-05-09 22:25:05',0),(140,105,'startassemble','开始生产',0,'2017-05-09 22:25:00','','38','','','','2017-05-09 22:25:38','2017-05-09 22:25:38',0),(141,106,'startassemble','开始生产',0,'2017-05-10 22:26:00','','38','','','','2017-05-09 22:26:52','2017-05-09 22:26:52',0),(142,107,'startassemble','开始生产',0,'2017-05-10 22:28:00','','38','','','','2017-05-09 22:28:39','2017-05-09 22:28:39',0),(143,108,'startassemble','开始生产',0,'2017-05-10 22:29:00','','38','','','','2017-05-09 22:29:13','2017-05-09 22:29:13',0),(144,109,'startassemble','开始生产',0,'2017-05-09 22:39:00','','38','','','','2017-05-09 22:39:06','2017-05-09 22:39:06',0),(145,109,'preassemble','预组装',0,'2017-05-10 09:36:36','','40','','','正常','2017-05-10 09:36:36','2017-05-10 09:36:36',0),(146,108,'preassemble','预组装',0,'2017-05-10 09:37:58','','40','','','已经组装ok','2017-05-10 09:37:58','2017-05-10 09:37:58',0),(147,106,'preassemble','预组装',0,'2017-05-10 09:38:35','','40','','','已经组装ok','2017-05-10 09:38:35','2017-05-10 09:38:35',0),(148,103,'preassemble','预组装',0,'2017-05-10 09:40:41','','48','','','正常','2017-05-10 09:40:41','2017-05-10 09:40:41',0),(149,103,'adjreflector','调小反射镜',0,'2017-05-10 09:40:50','','48','','','正常','2017-05-10 09:40:50','2017-05-10 09:40:50',0),(150,109,'adjreflector','调小反射镜',0,'2017-05-10 09:58:04','','48','','','正常','2017-05-10 09:58:04','2017-05-10 09:58:04',0),(151,109,'poireflector','点小反射镜',0,'2017-05-10 09:58:06','','48','','','正常','2017-05-10 09:58:06','2017-05-10 09:58:06',0),(152,109,'poiemission','点发射',0,'2017-05-10 09:58:12','','48','','','正常','2017-05-10 09:58:12','2017-05-10 09:58:12',0),(153,109,'poireceive','点接收+复测',0,'2017-05-10 09:58:14','','48','','','正常','2017-05-10 09:58:14','2017-05-10 09:58:14',0),(154,109,'uvretest','UV+复测',0,'2017-05-10 09:58:18','','48','','','正常','2017-05-10 09:58:18','2017-05-10 09:58:18',0),(155,109,'dimming','TC老化',0,'2017-05-10 09:58:21','','48','','','正常','2017-05-10 09:58:21','2017-05-10 09:58:21',0),(156,109,'dimmingretest','TC后复测',0,'2017-05-10 09:58:22','','48','','','正常','2017-05-10 09:58:22','2017-05-10 09:58:22',0),(157,109,'dynbalance','动平衡',0,'2017-05-10 09:58:25','','48','','','正常','2017-05-10 09:58:25','2017-05-10 09:58:25',0),(158,109,'assembly','总装',0,'2017-05-10 09:58:27','','48','','','正常','2017-05-10 09:58:27','2017-05-10 09:58:27',0),(159,109,'static','标静态量',0,'2017-05-10 09:58:30','','48','','','正常','2017-05-10 09:58:30','2017-05-10 09:58:30',0),(160,109,'reflectivity','标反射率',0,'2017-05-10 09:58:32','','48','','','正常','2017-05-10 09:58:32','2017-05-10 09:58:32',0),(161,109,'agingtest','老化测试',0,'2017-05-10 09:58:34','','48','','','正常','2017-05-10 09:58:34','2017-05-10 09:58:34',0),(162,102,'preassemble','预组装',0,'2017-05-10 10:40:39','','40','','','已经组装ok','2017-05-10 10:40:39','2017-05-10 10:40:39',0),(163,101,'preassemble','预组装',0,'2017-05-10 10:41:08','','40','','','已经组装ok','2017-05-10 10:41:08','2017-05-10 10:41:08',0),(164,100,'preassemble','预组装',0,'2017-05-10 10:41:28','','40','','','已经组装ok','2017-05-10 10:41:28','2017-05-10 10:41:28',0),(165,99,'preassemble','预组装',0,'2017-05-10 10:41:41','','40','','','已经组装ok','2017-05-10 10:41:41','2017-05-10 10:41:41',0),(183,105,'preassemble','预组装',0,'2017-05-10 12:06:13','','40','','','已经组装ok','2017-05-10 12:06:13','2017-05-10 12:06:13',0),(184,104,'preassemble','预组装',0,'2017-05-10 12:07:42','','40','','','已经组装ok','2017-05-10 12:07:42','2017-05-10 12:07:42',0),(185,101,'adjreflector','调小反射镜',0,'2017-05-10 12:24:03','','43','','','正常','2017-05-10 12:24:03','2017-05-10 12:24:03',0),(186,105,'adjreflector','调小反射镜',0,'2017-05-10 12:24:14','','41','','','5.9点小反射镜','2017-05-10 12:24:14','2017-05-10 12:24:14',0),(187,105,'poireflector','点小反射镜',0,'2017-05-10 12:24:20','','41','','','5.9','2017-05-10 12:24:20','2017-05-10 12:24:20',0),(188,105,'poiemission','点发射',0,'2017-05-10 12:24:33','','41','','','正常','2017-05-10 12:24:33','2017-05-10 12:24:33',0),(189,102,'adjreflector','调小反射镜',0,'2017-05-10 12:25:23','','42','','','调到接收U5','2017-05-10 12:25:23','2017-05-10 12:25:23',0),(190,103,'poireflector','点小反射镜',0,'2017-05-10 12:26:07','','43','','','正常','2017-05-10 12:26:07','2017-05-10 12:26:07',0),(191,103,'poiemission','点发射',0,'2017-05-10 12:26:10','','43','','','正常','2017-05-10 12:26:10','2017-05-10 12:26:10',0),(192,104,'adjreflector','调小反射镜',0,'2017-05-10 12:27:56','','41','','','兰工','2017-05-10 12:27:56','2017-05-10 12:27:56',0),(193,104,'poireflector','点小反射镜',0,'2017-05-10 12:28:04','','41','','','5.9-5.10兰工','2017-05-10 12:28:04','2017-05-10 12:28:04',0),(194,102,'poireflector','点小反射镜',0,'2017-05-10 12:29:06','','42','','','点接收U5','2017-05-10 12:29:06','2017-05-10 12:29:06',0),(195,107,'preassemble','预组装',0,'2017-05-10 14:50:17','','40','','','已经组装ok','2017-05-10 14:50:17','2017-05-10 14:50:17',0),(196,111,'startassemble','开始生产',0,'2017-05-10 00:00:00','','48','','','','2017-05-10 15:32:17','2017-05-10 15:32:17',0),(202,103,'poireceive','点接收+复测',0,'2017-05-10 20:57:10','','43','','dimming/103/43/1494420990557.jpg','点完接收，热固化之后再点的发射','2017-05-10 20:57:10','2017-05-10 20:57:10',0),(203,103,'uvretest','UV+复测',0,'2017-05-10 20:57:37','','43','','dimming/103/43/1494421054514.jpg','正常','2017-05-10 20:57:37','2017-05-10 20:57:37',0),(204,108,'adjreflector','调小反射镜',0,'2017-05-10 21:13:25','','42','','','正常','2017-05-10 21:13:25','2017-05-10 21:13:25',0),(205,102,'poiemission','点发射',0,'2017-05-10 21:14:21','','42','','','UV复测完','2017-05-10 21:14:21','2017-05-10 21:14:21',0),(206,99,'adjreflector','调小反射镜',0,'2017-05-11 09:19:06','','42','','','正常','2017-05-11 09:19:06','2017-05-11 09:19:06',0),(207,99,'poireflector','点小反射镜',0,'2017-05-11 09:19:19','','42','','','正常','2017-05-11 09:19:19','2017-05-11 09:19:19',0),(208,99,'poiemission','点发射',0,'2017-05-11 09:19:22','','42','','','正常','2017-05-11 09:19:22','2017-05-11 09:19:22',0),(209,112,'startassemble','开始生产',0,'2017-05-11 14:17:00','','38','','','','2017-05-11 14:18:08','2017-05-11 14:18:08',0),(210,113,'startassemble','开始生产',0,'2017-05-11 14:19:00','','38','','','','2017-05-11 14:19:19','2017-05-11 14:19:19',0),(211,112,'preassemble','预组装',0,'2017-05-11 14:32:10','','40','','','已经组装ok','2017-05-11 14:32:10','2017-05-11 14:32:10',0),(212,103,'dimming','TC老化',0,'2017-05-11 14:50:22','','45','','','正常','2017-05-11 14:50:22','2017-05-11 14:50:22',0),(213,103,'dimmingretest','TC后复测',0,'2017-05-11 14:57:34','','43','','','正常','2017-05-11 14:57:34','2017-05-11 14:57:34',0),(214,100,'adjreflector','调小反射镜',0,'2017-05-11 15:04:09','','42','','','正常','2017-05-11 15:04:09','2017-05-11 15:04:09',0),(215,101,'poireflector','点小反射镜',0,'2017-05-11 15:06:34','','42','','','正常','2017-05-11 15:06:34','2017-05-11 15:06:34',0),(216,101,'poiemission','点发射',0,'2017-05-11 15:06:38','','42','','','正常','2017-05-11 15:06:38','2017-05-11 15:06:38',0),(217,108,'poireflector','点小反射镜',0,'2017-05-11 18:09:03','','42','','','正常','2017-05-11 18:09:03','2017-05-11 18:09:03',0),(218,99,'poireceive','点接收+复测',0,'2017-05-11 18:10:04','','42','','dimming/99/42/1494497385541.jpg','正常','2017-05-11 18:10:04','2017-05-11 18:10:04',0),(219,99,'uvretest','UV+复测',0,'2017-05-11 18:10:30','','42','','dimming/99/42/1494497411029.jpg','正常','2017-05-11 18:10:30','2017-05-11 18:10:30',0),(220,104,'poiemission','点发射',1,'2017-05-11 19:21:25','','41','','','点完转接板发现光斑整体上移严重，重调小反射镜','2017-05-11 19:21:25','2017-05-11 19:21:25',0),(221,99,'dimming','TC老化',0,'2017-05-11 20:06:57','','45','','','正常','2017-05-11 20:06:57','2017-05-11 20:06:57',0),(222,113,'preassemble','预组装',0,'2017-05-11 20:58:52','','40','','','已经组装ok','2017-05-11 20:58:52','2017-05-11 20:58:52',0),(223,100,'poireflector','点小反射镜',0,'2017-05-11 21:18:20','','42','','','正常','2017-05-11 21:18:20','2017-05-11 21:18:20',0),(224,99,'dimmingretest','TC后复测',0,'2017-05-11 21:30:00','','42','','dimming/99/42/1494509365766.jpg','正常','2017-05-11 21:30:00','2017-05-11 21:30:00',0),(225,102,'poireceive','点接收+复测',0,'2017-05-11 21:33:58','','42','','dimming/102/42/1494509623810.jpg','正常','2017-05-11 21:33:58','2017-05-11 21:33:58',0),(226,103,'dynbalance','动平衡',0,'2017-05-11 21:34:01','','45','','','正常','2017-05-11 21:34:01','2017-05-11 21:34:01',0),(227,102,'uvretest','UV+复测',0,'2017-05-11 21:35:03','','42','','dimming/102/42/1494509691287.jpg','正常','2017-05-11 21:35:03','2017-05-11 21:35:03',0),(228,102,'dimming','TC老化',0,'2017-05-11 21:35:46','','45','','','OK','2017-05-11 21:35:46','2017-05-11 21:35:46',0),(229,101,'poireceive','点接收+复测',0,'2017-05-11 21:37:29','','42','','dimming/101/42/1494509828905.jpg','正常','2017-05-11 21:37:29','2017-05-11 21:37:29',0),(230,101,'uvretest','UV+复测',0,'2017-05-11 21:37:57','','42','','dimming/101/42/1494509864242.jpg','正常','2017-05-11 21:37:57','2017-05-11 21:37:57',0),(231,102,'dimmingretest','TC后复测',0,'2017-05-11 21:38:51','','42','','dimming/102/42/1494509916235.jpg','正常','2017-05-11 21:38:51','2017-05-11 21:38:51',0),(232,99,'dynbalance','动平衡',0,'2017-05-12 08:39:02','','45','','','OK','2017-05-12 08:39:02','2017-05-12 08:39:02',0),(233,102,'dynbalance','动平衡',0,'2017-05-12 08:39:34','','45','','','OK','2017-05-12 08:39:34','2017-05-12 08:39:34',0),(234,114,'startassemble','开始生产',0,'NaN-aN-aN aN:aN:aN','','1','','','','2017-05-12 16:27:51','2017-05-12 16:27:51',0),(928,122,'uvretest','UV+复测',0,'2017-06-03 13:41:24','','42','','dimming/122/42/1496468355079.jpg','正常','2017-06-03 13:41:24','2017-06-03 13:41:24',0),(927,122,'poireceive','点接收+复测',0,'2017-06-03 13:37:45','','42','','dimming/122/42/1496468241309.jpg','正常','2017-06-03 13:37:45','2017-06-03 13:37:45',0),(245,115,'startassemble','开始生产',0,'NaN-aN-aN aN:aN:aN','','1','','','','2017-05-12 17:02:40','2017-05-12 17:02:40',0),(246,116,'startassemble','开始生产',0,'NaN-aN-aN aN:aN:aN','','1','','','','2017-05-12 17:08:52','2017-05-12 17:08:52',0),(248,102,'assembly','总装',0,'2017-05-12 17:19:13','','44','','','上位机图像监测无异常','2017-05-12 17:19:13','2017-05-12 17:19:13',0),(256,112,'adjreflector','调小反射镜',0,'2017-05-12 19:17:09','','42','','','正常','2017-05-12 19:17:09','2017-05-12 19:17:09',0),(257,112,'poireflector','点小反射镜',0,'2017-05-12 19:17:18','','42','','','正常','2017-05-12 19:17:18','2017-05-12 19:17:18',0),(258,108,'poiemission','点发射',0,'2017-05-12 19:17:35','','42','','','正常','2017-05-12 19:17:35','2017-05-12 19:17:35',0),(259,113,'adjreflector','调小反射镜',0,'2017-05-12 19:17:45','','42','','','正常','2017-05-12 19:17:45','2017-05-12 19:17:45',0),(260,102,'static','标静态量',0,'2017-05-12 22:19:57','','44','','dimming/102/44/1494598788395.jpg','已完成','2017-05-12 22:19:57','2017-05-12 22:19:57',0),(261,102,'reflectivity','标反射率',0,'2017-05-12 22:20:14','','44','','dimming/102/44/1494598788395.jpg','已完成','2017-05-12 22:20:14','2017-05-12 22:20:14',0),(262,109,'backto agingtest','回退到 老化测试 环节',1,'2017-05-13 00:09:34','','44','','','无说明情况','2017-05-13 00:09:34','2017-05-13 00:09:34',0),(263,102,'agingtest','老化测试',0,'2017-05-13 00:10:59','','44','','','ok','2017-05-13 00:10:59','2017-05-13 00:10:59',0),(264,109,'agingtest','老化测试',0,'2017-05-13 00:12:13','','44','','','ok','2017-05-13 00:12:13','2017-05-13 00:12:13',0),(265,102,'evaluation','产品评估',0,'2017-05-13 11:15:03','','53','','','正常','2017-05-13 11:15:03','2017-05-13 11:15:03',0),(266,109,'evaluation','产品评估',0,'2017-05-13 11:17:20','','53','','','正常','2017-05-13 11:17:20','2017-05-16 09:45:22',1),(267,107,'adjreflector','调小反射镜',0,'2017-05-13 13:42:33','','43','','','回波信号以验证好','2017-05-13 13:42:33','2017-05-13 13:42:33',0),(268,107,'backto adjreflector','回退到 调小反射镜 环节',1,'2017-05-13 13:42:48','','43','','','写错字了','2017-05-13 13:42:48','2017-05-13 13:42:48',0),(269,107,'adjreflector','调小反射镜',0,'2017-05-13 13:43:07','','43','','','回波信号已验证完毕','2017-05-13 13:43:07','2017-05-13 13:43:07',0),(270,106,'adjreflector','调小反射镜',0,'2017-05-13 13:44:11','','43','','','回波信号已验证完毕','2017-05-13 13:44:11','2017-05-13 13:44:11',0),(271,103,'assembly','总装',0,'2017-05-13 15:45:30','','44','','','ok','2017-05-13 15:45:30','2017-05-13 15:45:30',0),(272,99,'assembly','总装',0,'2017-05-13 15:45:50','','44','','','ok','2017-05-13 15:45:50','2017-05-13 15:45:50',0),(273,109,'deliver','交付市场',1,'2017-05-13 16:01:28','','53','','','35垂直角错误，静态靠异常，退回总装','2017-05-13 16:01:28','2017-05-16 09:43:21',1),(274,102,'deliver','交付市场',0,'2017-05-13 16:02:26','','53','','','垂直角错误，退回总装重现标定','2017-05-13 16:02:26','2017-05-13 16:02:26',0),(275,103,'static','标静态量',0,'2017-05-13 16:04:06','','47','','','正常','2017-05-13 16:04:06','2017-05-13 16:04:06',0),(276,103,'backto assembly','回退到 总装 环节',1,'2017-05-13 16:04:20','','47','','','无说明情况','2017-05-13 16:04:20','2017-05-13 16:04:20',0),(277,103,'assembly','总装',0,'2017-05-13 16:09:12','','47','','','正常','2017-05-13 16:09:12','2017-05-13 16:09:12',0),(278,101,'dimming','TC老化',0,'2017-05-13 17:34:45','','45','','','正常','2017-05-13 17:34:45','2017-05-13 17:34:45',0),(279,101,'dimmingretest','TC后复测',1,'2017-05-13 17:35:57','','42','','','TC后复测发射板U6烧了','2017-05-13 17:35:57','2017-05-13 17:35:57',0),(280,101,'backto poiemission','回退到 点发射 环节',1,'2017-05-13 17:47:43','','38','','','TC后发射板U6烧了。拆胶重，','2017-05-13 17:47:43','2017-05-13 17:47:43',0),(281,99,'static','标静态量',1,'2017-05-13 18:00:00','','47','','dimming/99/47/1494669576093.jpg','D4 通道测距失败','2017-05-13 18:00:00','2017-05-13 18:00:00',0),(282,103,'static','标静态量',0,'2017-05-13 19:17:06','','47','','','正常','2017-05-13 19:17:06','2017-05-13 19:17:06',0),(283,103,'reflectivity','标反射率',0,'2017-05-13 19:17:14','','47','','','正常','2017-05-13 19:17:14','2017-05-13 19:17:14',0),(285,118,'startassemble','开始生产',0,'2017-05-15 11:01:00','','1','','','','2017-05-15 11:02:21','2017-05-15 11:02:21',0),(286,118,'preassemble','预组装',0,'2017-05-15 11:15:52','','1','','','正常','2017-05-15 11:15:52','2017-05-15 11:15:52',0),(287,118,'adjreflector','调小反射镜',2,'2017-05-15 11:15:58','','1','','','正常','2017-05-15 11:15:58','2017-05-15 16:22:16',1),(288,118,'poireflector','点小反射镜',2,'2017-05-15 11:16:00','','1','','','正常','2017-05-15 11:16:00','2017-05-15 16:21:51',1),(289,118,'poiemission','点发射',2,'2017-05-15 11:44:21','','1','','','正常','2017-05-15 11:44:21','2017-05-15 16:08:49',1),(290,113,'poireflector','点小反射镜',0,'2017-05-15 13:18:05','','42','','','正常','2017-05-15 13:18:05','2017-05-15 13:18:05',0),(291,103,'static','标静态量',0,'2017-05-15 14:01:17','','47','','','正常','2017-05-15 14:01:17','2017-05-15 14:01:17',0),(292,103,'agingtest','老化测试',0,'2017-05-15 14:01:21','','47','','','正常','2017-05-15 14:01:21','2017-05-15 14:01:21',0),(293,102,'backto evaluation','回退到 产品评估 环节',1,'2017-05-15 14:11:14','','3','','','无说明情况','2017-05-15 14:11:14','2017-05-15 14:11:14',0),(294,118,'poireceive','点接收+复测',2,'2017-05-15 14:15:11','','1','','dimming/118/1/1494828885363.jpg','阿克','2017-05-15 14:15:11','2017-05-15 16:05:53',1),(295,118,'uvretest','UV+复测',1,'2017-05-15 14:16:52','','1','','','恩','2017-05-15 14:16:52','2017-05-15 14:16:52',0),(296,102,'evaluation','产品评估',1,'2017-05-15 14:23:16','','53','','','还未路测','2017-05-15 14:23:16','2017-05-15 14:23:16',0),(298,118,'uvretest','UV+复测',2,'2017-05-15 15:11:12','','1','','','正常','2017-05-15 15:11:12','2017-05-15 15:55:36',1),(299,118,'dimming','TC老化',2,'2017-05-15 15:11:21','','1','','','正常','2017-05-15 15:11:21','2017-05-15 15:45:55',1),(308,118,'poireceive','点接收+复测',2,'2017-05-15 16:08:03','','1','','dimming/118/1/1494835679729.jpg','正常','2017-05-15 16:08:03','2017-05-15 16:08:18',1),(309,118,'poireceive','点接收+复测',1,'2017-05-15 16:08:39','','1','','dimming/118/1/1494835714629.jpg','qq','2017-05-15 16:08:39','2017-05-15 16:08:39',0),(310,118,'adjreflector','调小反射镜',0,'2017-05-15 16:24:32','','1','','','正常','2017-05-15 16:24:32','2017-05-15 16:24:32',0),(311,118,'poireflector','点小反射镜',2,'2017-05-15 16:24:34','','1','','','正常','2017-05-15 16:24:34','2017-05-15 16:24:37',1),(312,118,'poireflector','点小反射镜',0,'2017-05-15 16:24:45','','1','','','aaa','2017-05-15 16:24:45','2017-05-15 16:24:45',0),(313,118,'poiemission','点发射',2,'2017-05-15 16:24:47','','1','','','正常','2017-05-15 16:24:47','2017-05-15 16:35:57',1),(314,118,'poireceive','点接收+复测',1,'2017-05-15 16:24:54','','1','','dimming/118/1/1494836690365.jpg','aaa','2017-05-15 16:24:54','2017-05-15 16:24:54',0),(315,118,'poireceive','点接收+复测',2,'2017-05-15 16:25:11','','1','','dimming/118/1/1494836710351.jpg','正常','2017-05-15 16:25:11','2017-05-15 16:25:14',1),(316,118,'poireceive','点接收+复测',1,'2017-05-15 16:27:56','','1','','','aa','2017-05-15 16:27:56','2017-05-15 16:27:56',0),(317,118,'poireceive','点接收+复测',1,'2017-05-15 16:31:32','','1','','','gyy','2017-05-15 16:31:32','2017-05-15 16:31:32',0),(318,118,'poiemission','点发射',0,'2017-05-15 16:40:06','','1','','','正常','2017-05-15 16:40:06','2017-05-15 17:08:24',1),(319,118,'poireceive','点接收+复测',1,'2017-05-15 16:40:26','','1','','','来来来','2017-05-15 16:40:26','2017-05-15 17:04:34',1),(320,119,'startassemble','开始生产',0,'2017-05-18 17:09:00','','1','','','','2017-05-15 17:10:07','2017-05-15 17:10:07',0),(321,119,'preassemble','预组装',0,'2017-05-15 17:10:50','','1','','','正常','2017-05-15 17:10:50','2017-05-15 17:10:50',0),(322,119,'adjreflector','调小反射镜',0,'2017-05-15 17:10:53','','1','','','正常','2017-05-15 17:10:53','2017-05-15 19:54:26',1),(323,119,'poireflector','点小反射镜',0,'2017-05-15 17:10:56','','1','','','正常','2017-05-15 17:10:56','2017-05-15 17:10:58',1),(324,119,'poireflector','点小反射镜',1,'2017-05-15 17:11:06','','1','','','哦哦哦','2017-05-15 17:11:06','2017-05-15 17:11:09',1),(325,119,'poireflector','点小反射镜',0,'2017-05-15 17:11:14','','1','','','正常','2017-05-15 17:11:14','2017-05-15 19:54:23',1),(326,119,'poiemission','点发射',0,'2017-05-15 17:11:17','','1','','','正常','2017-05-15 17:11:17','2017-05-15 19:38:36',1),(327,102,'evaluation','产品评估',1,'2017-05-15 17:43:36','','53','','','使用一天后出现抖动不问题现象','2017-05-15 17:43:36','2017-05-15 17:43:36',0),(328,120,'startassemble','开始生产',0,'2017-05-08 00:00:00','','38','','','','2017-05-15 19:10:12','2017-05-15 19:10:12',0),(329,119,'adjreflector','调小反射镜',0,'2017-05-15 19:54:29','','1','','','正常','2017-05-15 19:54:29','2017-05-15 19:54:36',1),(330,119,'poireflector','点小反射镜',0,'2017-05-15 19:54:31','','1','','','正常','2017-05-15 19:54:31','2017-05-15 19:54:34',1),(331,119,'adjreflector','调小反射镜',0,'2017-05-15 19:54:38','','1','','','正常','2017-05-15 19:54:38','2017-05-15 19:54:38',0),(332,119,'poireflector','点小反射镜',0,'2017-05-15 19:54:40','','1','','','正常','2017-05-15 19:54:40','2017-05-15 19:55:00',1),(333,99,'reflectivity','标反射率',0,'2017-05-15 20:12:49','','47','','','正常','2017-05-15 20:12:49','2017-05-15 20:12:49',0),(334,99,'static','标静态量',0,'2017-05-15 20:12:59','','47','','','正常','2017-05-15 20:12:59','2017-05-15 20:12:59',0),(335,99,'agingtest','老化测试',0,'2017-05-15 20:13:04','','47','','','正常','2017-05-15 20:13:04','2017-05-15 20:13:04',0),(336,120,'preassemble','预组装',0,'2017-05-15 20:58:33','','40','','','已经组装ok','2017-05-15 20:58:33','2017-05-15 20:58:33',0),(337,108,'poireceive','点接收+复测',0,'2017-05-15 21:28:28','','42','','dimming/108/42/1494854845966.jpg','正常','2017-05-15 21:28:28','2017-05-15 21:28:28',0),(338,100,'poiemission','点发射',0,'2017-05-15 21:28:49','','42','','','正常','2017-05-15 21:28:49','2017-05-15 21:28:49',0),(926,127,'dimmingretest','TC后复测',0,'2017-06-03 13:36:49','','42','','dimming/127/42/1496468209241.jpg','正常','2017-06-03 13:36:49','2017-06-03 13:36:49',0),(403,101,'poiemitc','点发射完TC',0,'2017-05-17 12:13:45','','45','','','正常','2017-05-17 12:13:45','2017-05-17 12:13:45',0),(402,101,'poiemission','点发射',0,'2017-05-17 12:12:16','','42','','','正常','2017-05-17 12:12:16','2017-05-17 12:12:16',0),(401,104,'poiemitc','点发射完TC',0,'2017-05-17 12:02:50','','45','','','OK ','2017-05-17 12:02:50','2017-05-17 12:02:50',0),(400,104,'poiemission','点发射',0,'2017-05-17 12:00:29','','41','','','正常','2017-05-17 12:00:29','2017-05-17 12:00:29',0),(399,104,'poiemission','点发射',0,'2017-05-17 11:59:06','','2','','','正常','2017-05-17 11:59:06','2017-05-17 11:59:09',1),(398,100,'poiemitc','点发射完TC',0,'2017-05-17 11:47:08','','45','','','OK ','2017-05-17 11:47:08','2017-05-17 11:47:08',0),(397,105,'poiemitc','点发射完TC',0,'2017-05-17 11:46:52','','45','','','OK ','2017-05-17 11:46:52','2017-05-17 11:46:52',0),(353,109,'deliver','交付市场',1,'2017-05-16 09:43:54','','53','','','出现抖动现象，正在复测','2017-05-16 09:43:54','2017-05-16 09:44:22',1),(354,109,'evaluation','产品评估',0,'2017-05-16 09:45:37','','53','','','正常','2017-05-16 09:45:37','2017-05-16 09:45:49',1),(355,109,'evaluation','产品评估',1,'2017-05-16 09:46:28','','53','','','复测抖动','2017-05-16 09:46:28','2017-05-16 09:46:28',0),(396,104,'poiemitc','点发射完TC',0,'2017-05-17 11:45:08','','45','','','OK ','2017-05-17 11:45:08','2017-05-17 11:56:40',1),(395,112,'poiemitc','点发射完TC',0,'2017-05-17 11:44:43','','45','','','OK ','2017-05-17 11:44:43','2017-05-17 11:44:43',0),(358,106,'poireflector','点小反射镜',0,'2017-05-16 12:27:42','','43','','','正常','2017-05-16 12:27:42','2017-05-16 12:27:42',0),(359,107,'poireflector','点小反射镜',0,'2017-05-16 12:27:50','','43','','','正常','2017-05-16 12:27:50','2017-05-16 12:27:50',0),(360,113,'poiemission','点发射',0,'2017-05-16 13:36:58','','42','','','正常','2017-05-16 13:36:58','2017-05-16 13:36:58',0),(361,120,'adjreflector','调小反射镜',0,'2017-05-16 13:41:46','','42','','','正常','2017-05-16 13:41:46','2017-05-16 13:41:46',0),(362,120,'poireflector','点小反射镜',0,'2017-05-16 13:41:51','','42','','','正常','2017-05-16 13:41:51','2017-05-16 13:41:51',0),(363,120,'poiemission','点发射',0,'2017-05-16 13:41:55','','42','','','正常','2017-05-16 13:41:55','2017-05-16 13:41:55',0),(364,121,'startassemble','开始生产',0,'2017-05-16 13:47:00','','38','','','','2017-05-16 13:47:44','2017-05-16 13:47:44',0),(365,122,'startassemble','开始生产',0,'2017-05-16 08:30:00','','38','','','','2017-05-16 13:49:17','2017-05-16 13:49:17',0),(366,120,'poireceive','点接收+复测',0,'2017-05-16 13:58:30','','42','','dimming/120/42/1494914302948.jpg','正常','2017-05-16 13:58:30','2017-05-16 13:58:30',0),(367,120,'uvretest','UV+复测',0,'2017-05-16 14:02:03','','42','','dimming/120/42/1494914514108.jpg','正常','2017-05-16 14:02:03','2017-05-16 14:02:03',0),(368,120,'dimming','TC老化',0,'2017-05-16 14:04:48','','45','','','正常','2017-05-16 14:04:48','2017-05-16 14:04:48',0),(369,120,'dimmingretest','TC后复测',0,'2017-05-16 14:06:08','','42','','dimming/120/42/1494914745154.jpg','正常','2017-05-16 14:06:08','2017-05-16 14:06:08',0),(370,122,'preassemble','预组装',0,'2017-05-16 14:25:13','','40','','','已经组装ok','2017-05-16 14:25:13','2017-05-16 14:25:13',0),(371,121,'preassemble','预组装',0,'2017-05-16 14:25:32','','40','','','已经组装ok','2017-05-16 14:25:32','2017-05-16 14:25:32',0),(372,103,'evaluation','产品评估',1,'2017-05-16 14:59:21','','53','','','有严重异响','2017-05-16 14:59:21','2017-05-16 14:59:21',0),(373,99,'evaluation','产品评估',1,'2017-05-16 15:02:03','','53','','','部分通道近距离反射率异常','2017-05-16 15:02:03','2017-05-16 15:02:03',0),(374,99,'evaluation','产品评估',0,'2017-05-16 15:04:39','','53','','','异常机留作研发内部使用','2017-05-16 15:04:39','2017-05-16 15:04:39',0),(375,99,'deliver','交付市场',0,'2017-05-16 15:05:16','','53','','','异常机留作研发内部使用','2017-05-16 15:05:16','2017-05-16 15:05:16',0),(376,103,'evaluation','产品评估',0,'2017-05-16 15:05:35','','53','','','异常机留作研发内部使用','2017-05-16 15:05:35','2017-05-16 15:05:35',0),(377,103,'deliver','交付市场',0,'2017-05-16 15:05:47','','53','','','异常机留作研发内部使用','2017-05-16 15:05:47','2017-05-16 15:05:47',0),(378,104,'poiemission','点发射',0,'2017-05-16 16:24:52','','41','','','正常','2017-05-16 16:24:52','2017-05-17 11:49:57',1),(379,108,'uvretest','UV+复测',0,'2017-05-16 18:10:49','','42','','dimming/108/42/1494929435016.jpg','正常','2017-05-16 18:10:49','2017-05-16 18:10:49',0),(380,121,'adjreflector','调小反射镜',0,'2017-05-16 18:11:03','','42','','','正常','2017-05-16 18:11:03','2017-05-16 18:11:03',0),(381,119,'poireflector','点小反射镜',0,'2017-05-16 19:18:18','','3','','','正常','2017-05-16 19:18:18','2017-05-16 19:18:18',0),(382,119,'poiemission','点发射',0,'2017-05-16 19:18:26','','3','','','正常','2017-05-16 19:18:26','2017-05-16 19:18:26',0),(394,113,'poiemitc','点发射完TC',0,'2017-05-17 11:44:28','','45','','','OK ','2017-05-17 11:44:28','2017-05-17 11:44:28',0),(384,109,'evaluation','产品评估',1,'2017-05-16 19:23:07','','53','','','出现数据反转和悬空环形。交由雷达组分析。','2017-05-16 19:23:07','2017-05-16 19:23:07',0),(385,120,'dynbalance','动平衡',0,'2017-05-16 19:23:58','','45','','','OK ','2017-05-16 19:23:58','2017-05-16 19:23:58',0),(386,120,'assembly','总装',0,'2017-05-16 19:43:16','','44','','','监测成像散点，更换换滑环ok','2017-05-16 19:43:16','2017-05-16 19:43:16',0),(387,108,'dimming','UV复测后TC老化',0,'2017-05-16 19:56:48','','44','','','ok','2017-05-16 19:56:48','2017-05-16 19:56:48',0),(388,120,'reflectivity','标反射率',0,'2017-05-16 19:57:07','','44','','','ok','2017-05-16 19:57:07','2017-05-16 19:57:07',0),(389,120,'static','标静态量',0,'2017-05-16 19:57:17','','44','','','ok','2017-05-16 19:57:17','2017-05-16 19:57:17',0),(390,120,'agingtest','老化测试',0,'2017-05-16 19:57:27','','44','','','ok','2017-05-16 19:57:27','2017-05-16 19:57:27',0),(391,108,'dimmingretest','TC后复测',0,'2017-05-16 23:50:22','','42','','dimming/108/42/1494949808861.jpg','正常','2017-05-16 23:50:22','2017-05-16 23:50:22',0),(392,112,'poiemission','点发射',0,'2017-05-16 23:51:40','','42','','','正常','2017-05-16 23:51:40','2017-05-16 23:51:40',0),(393,108,'dynbalance','动平衡',0,'2017-05-17 10:47:52','','45','','','Ok ','2017-05-17 10:47:52','2017-05-17 10:47:52',0),(409,102,'evaluation','产品评估',1,'2017-05-17 14:59:09','','53','','','已交由雷达组进行问题分析','2017-05-17 14:59:09','2017-05-17 14:59:09',0),(925,122,'poiemitc','点发射完TC',0,'2017-06-03 13:36:40','','45','',NULL,'正常','2017-06-03 13:36:40','2017-06-03 13:36:40',0),(924,140,'poiemitc','点发射完TC',0,'2017-06-03 13:36:06','','45','',NULL,'正常','2017-06-03 13:36:06','2017-06-03 13:36:06',0),(923,135,'poiemitc','点发射完TC',0,'2017-06-03 13:35:47','','45','',NULL,'正常','2017-06-03 13:35:47','2017-06-03 13:35:47',0),(922,127,'dimming','UV复测后TC老化',0,'2017-06-03 13:35:32','','45','',NULL,'正常','2017-06-03 13:35:32','2017-06-03 13:35:32',0),(921,127,'uvretest','UV+复测',0,'2017-06-03 11:15:54','','42','','dimming/127/42/1496459753359.jpg','正常','2017-06-03 11:15:54','2017-06-03 11:15:54',0),(920,127,'poireceive','点接收+复测',0,'2017-06-03 11:15:39','','42','','dimming/127/42/1496459738289.jpg','正常','2017-06-03 11:15:39','2017-06-03 11:15:39',0),(919,150,'preassemble','预组装',0,'2017-06-03 10:35:50','','40','班小兰','','已完成','2017-06-03 10:35:50','2017-06-03 10:35:50',0),(918,127,'poiemitc','点发射完TC',0,'2017-06-02 22:15:01','','45','',NULL,'正常','2017-06-02 22:15:01','2017-06-02 22:15:01',0),(419,108,'assembly','总装',0,'2017-05-17 17:36:37','','47','','','ok','2017-05-17 17:36:37','2017-05-17 17:36:37',0),(420,108,'reflectivity','标反射率',0,'2017-05-17 17:36:50','','47','','','ok','2017-05-17 17:36:50','2017-05-17 17:36:50',0),(421,108,'static','标静态量',0,'2017-05-17 18:01:46','','47','','','Ok','2017-05-17 18:01:46','2017-05-17 18:01:46',0),(422,120,'evaluation','产品评估',1,'2017-05-17 18:12:27','','53','','','U0通道没有线，退回分析','2017-05-17 18:12:27','2017-05-17 18:12:27',0),(423,121,'poireflector','点小反射镜',0,'2017-05-17 18:18:25','','42','','','正常','2017-05-17 18:18:25','2017-05-17 18:18:25',0),(424,108,'agingtest','老化测试',0,'2017-05-17 21:35:09','','44','郑文杰','','ok','2017-05-17 21:35:09','2017-05-17 21:35:09',0),(425,109,'backto agingtest','回退到 老化测试 环节',1,'2017-05-17 23:29:18','','53','','','更换底板','2017-05-17 23:29:18','2017-05-17 23:29:18',0),(426,124,'startassemble','开始生产',0,'2017-05-18 09:13:00','','38','','','','2017-05-18 09:13:25','2017-05-18 09:13:25',0),(427,125,'startassemble','开始生产',0,'2017-05-18 09:23:00','','38','','','','2017-05-18 09:23:11','2017-05-18 09:23:11',0),(428,126,'startassemble','开始生产',0,'2017-05-18 09:25:00','','38','','','','2017-05-18 09:25:23','2017-05-18 09:25:23',0),(429,127,'startassemble','开始生产',0,'2017-05-18 09:25:00','','38','','','','2017-05-18 09:25:51','2017-05-18 09:25:51',0),(430,128,'startassemble','开始生产',0,'2017-05-18 09:27:00','','38','','','','2017-05-18 09:27:20','2017-05-18 09:27:20',0),(431,129,'startassemble','开始生产',0,'2017-05-18 09:32:00','','38','','','','2017-05-18 09:32:10','2017-05-18 09:32:10',0),(432,124,'preassemble','预组装',0,'2017-05-18 09:36:14','','40','','','已完成','2017-05-18 09:36:14','2017-05-18 09:36:14',0),(433,126,'preassemble','预组装',0,'2017-05-18 11:54:52','','40','','','已完成','2017-05-18 11:54:52','2017-05-18 11:54:52',0),(434,127,'preassemble','预组装',0,'2017-05-18 11:55:12','','40','','','已完成','2017-05-18 11:55:12','2017-05-18 11:55:12',0),(435,128,'preassemble','预组装',0,'2017-05-18 11:55:26','','40','','','已完成','2017-05-18 11:55:26','2017-05-18 11:55:26',0),(436,129,'preassemble','预组装',0,'2017-05-18 11:55:37','','40','','','已完成','2017-05-18 11:55:37','2017-05-18 11:55:37',0),(437,125,'preassemble','预组装',0,'2017-05-18 12:04:21','','40','','','已完成','2017-05-18 12:04:21','2017-05-18 12:04:21',0),(438,108,'evaluation','产品评估',1,'2017-05-18 12:08:38','','53','张腾','','出现整体抖动，退回生产','2017-05-18 12:08:38','2017-05-18 12:08:38',0),(439,108,'backto agingtest','回退到 老化测试 环节',1,'2017-05-18 12:09:17','','53','','','出现抖动，退回生产维修','2017-05-18 12:09:17','2017-05-18 12:09:17',0),(440,113,'poireceive','点接收+复测',0,'2017-05-18 18:30:57','','42','','dimming/113/42/1495103455319.jpg','正常','2017-05-18 18:30:57','2017-05-18 18:30:57',0),(441,113,'uvretest','UV+复测',0,'2017-05-18 18:31:09','','42','','dimming/113/42/1495103467189.jpg','正常','2017-05-18 18:31:09','2017-05-18 18:31:09',0),(442,105,'poireceive','点接收+复测',0,'2017-05-18 18:34:47','','41','杨莹，龙洁','dimming/105/41/1495103664887.jpg','正常','2017-05-18 18:34:47','2017-05-18 18:34:47',0),(443,105,'uvretest','UV+复测',0,'2017-05-18 18:35:11','','41','龙洁','dimming/105/41/1495103695258.jpg','正常','2017-05-18 18:35:11','2017-05-18 18:35:11',0),(444,107,'poiemission','点发射',0,'2017-05-18 18:37:19','','43','熊光伟','','正常','2017-05-18 18:37:19','2017-05-18 18:37:19',0),(445,104,'backto poireflector','回退到 点小反射镜 环节',1,'2017-05-18 18:38:08','','41','','','发射光斑丑，信号低','2017-05-18 18:38:08','2017-05-18 18:38:08',0),(446,106,'poiemission','点发射',0,'2017-05-18 18:38:09','','43','王水艳','','正常','2017-05-18 18:38:09','2017-05-18 18:38:09',0),(447,104,'poireflector','点小反射镜',0,'2017-05-18 18:39:07','','41','兰铭','','正常','2017-05-18 18:39:07','2017-05-18 18:39:07',0),(448,105,'dimming','UV复测后TC老化',0,'2017-05-18 20:37:54','','45','','','正常','2017-05-18 20:37:54','2017-05-18 20:37:54',0),(449,120,'evaluation','产品评估',0,'2017-05-18 21:34:10','','53','','','完成测试','2017-05-18 21:34:10','2017-05-18 21:34:10',0),(450,120,'deliver','交付市场',0,'2017-05-18 21:34:25','','53','','','已交付','2017-05-18 21:34:25','2017-05-18 21:34:25',0),(451,112,'poireceive','点接收+复测',0,'2017-05-18 21:37:41','','42','','dimming/112/42/1495114635595.jpg','正常','2017-05-18 21:37:41','2017-05-18 21:37:41',0),(452,112,'uvretest','UV+复测',0,'2017-05-18 21:38:18','','42','','dimming/112/42/1495114673072.jpg','正常','2017-05-18 21:38:18','2017-05-18 21:38:18',0),(453,101,'poireceive','点接收+复测',0,'2017-05-18 21:39:25','','42','','dimming/101/42/1495114745074.jpg','正常','2017-05-18 21:39:25','2017-05-18 21:39:25',0),(454,101,'uvretest','UV+复测',0,'2017-05-18 21:39:55','','42','','dimming/101/42/1495114775263.jpg','正常','2017-05-18 21:39:55','2017-05-18 21:39:55',0),(455,100,'poireceive','点接收+复测',0,'2017-05-18 21:40:44','','42','','dimming/100/42/1495114822446.jpg','正常','2017-05-18 21:40:44','2017-05-18 21:40:44',0),(456,100,'uvretest','UV+复测',0,'2017-05-18 21:41:09','','42','','dimming/100/42/1495114850584.jpg','正常','2017-05-18 21:41:09','2017-05-18 21:41:09',0),(457,121,'poiemission','点发射',0,'2017-05-18 21:41:25','','42','','','正常','2017-05-18 21:41:25','2017-05-18 21:41:25',0),(458,122,'adjreflector','调小反射镜',0,'2017-05-18 21:42:15','','42','','','正常','2017-05-18 21:42:15','2017-05-18 21:42:15',0),(460,112,'dimming','UV复测后TC老化',0,'2017-05-19 10:32:45','','45','','','正常','2017-05-19 10:32:45','2017-05-19 10:32:45',0),(461,113,'dimming','UV复测后TC老化',0,'2017-05-19 10:33:06','','45','','','正常','2017-05-19 10:33:06','2017-05-19 10:33:06',0),(462,101,'dimming','UV复测后TC老化',0,'2017-05-19 10:33:17','','45','','','正常','2017-05-19 10:33:17','2017-05-19 10:33:17',0),(463,100,'dimming','UV复测后TC老化',0,'2017-05-19 10:33:29','','45','','','正常','2017-05-19 10:33:29','2017-05-19 10:33:29',0),(464,112,'dimmingretest','TC后复测',0,'2017-05-19 10:38:31','','42','','dimming/112/42/1495161326904.jpg','正常','2017-05-19 10:38:31','2017-05-19 10:38:31',0),(465,100,'dimmingretest','TC后复测',0,'2017-05-19 10:40:34','','42','','dimming/100/42/1495161561028.jpg','正常','2017-05-19 10:40:34','2017-05-19 10:40:34',0),(540,108,'deliver','交付市场',0,'2017-05-21 17:46:49','','53','','','交付给文旭','2017-05-21 17:46:49','2017-05-21 17:46:49',0),(539,100,'evaluation','产品评估',1,'2017-05-21 17:46:03','','53','张腾','','Ros下有螺旋状点异常','2017-05-21 17:46:03','2017-05-21 17:46:03',0),(538,106,'poiemitc','点发射完TC',0,'2017-05-21 15:52:05','','45','','','正常','2017-05-21 15:52:05','2017-05-21 15:52:05',0),(537,107,'poiemitc','点发射完TC',0,'2017-05-21 15:51:58','','45','','','正常','2017-05-21 15:51:58','2017-05-21 15:51:58',0),(536,121,'poiemitc','点发射完TC',0,'2017-05-21 15:50:59','','45','','','正常','2017-05-21 15:50:59','2017-05-21 15:50:59',0),(535,126,'poireflector','点小反射镜',0,'2017-05-20 20:55:30','','42','','','正常','2017-05-20 20:55:30','2017-05-20 20:55:30',0),(534,126,'adjreflector','调小反射镜',0,'2017-05-20 20:55:28','','42','','','正常','2017-05-20 20:55:28','2017-05-20 20:55:28',0),(533,108,'evaluation','产品评估',0,'2017-05-20 19:32:22','','53','','','确认OK','2017-05-20 19:32:22','2017-05-20 19:32:22',0),(532,102,'evaluation','产品评估',0,'2017-05-20 19:31:56','','53','','','确认OK','2017-05-20 19:31:56','2017-05-20 19:31:56',0),(531,113,'assembly','总装',0,'2017-05-20 16:04:47','','44','李飞','','ok','2017-05-20 16:04:47','2017-05-20 16:04:47',0),(530,101,'backto assembly','回退到 总装 环节',1,'2017-05-20 16:03:57','','44','','','更换编码器','2017-05-20 16:03:57','2017-05-20 16:03:57',0),(529,112,'reflectivity','标反射率',1,'2017-05-20 14:59:49','','47','','','U1 U3通道反射率无曲线，光斑比其他通道亮','2017-05-20 14:59:49','2017-05-20 14:59:49',0),(480,105,'dimmingretest','TC后复测',0,'2017-05-19 14:51:12','','41','龙洁','dimming/105/41/1495176666164.jpg','正常','2017-05-19 14:51:12','2017-05-19 14:51:12',0),(481,108,'agingtest','老化测试',0,'2017-05-19 15:09:34','','47','','','更换编码器，老化完成未见抖动','2017-05-19 15:09:34','2017-05-19 15:09:34',0),(482,105,'dynbalance','动平衡',0,'2017-05-19 15:54:45','','45','','','正常','2017-05-19 15:54:45','2017-05-19 15:54:45',0),(483,105,'assembly','总装',0,'2017-05-19 16:07:16','','44','','','ok','2017-05-19 16:07:16','2017-05-19 16:07:16',0),(528,112,'reflectivity','标反射率',1,'2017-05-20 13:54:55','','47','','','两通道丢失','2017-05-20 13:54:55','2017-05-20 13:54:55',0),(485,105,'reflectivity','标反射率',0,'2017-05-19 16:16:15','','44','李飞','','反射率偶数通道无曲线，主板程序刷T416V1，偶数通道有曲线，谭工确认过','2017-05-19 16:16:15','2017-05-19 16:16:15',0),(486,105,'static','标静态量',0,'2017-05-19 16:20:52','','44','李飞','','ok','2017-05-19 16:20:52','2017-05-19 16:20:52',0),(527,112,'assembly','总装',0,'2017-05-20 13:54:31','','47','','','ok','2017-05-20 13:54:31','2017-05-20 13:54:31',0),(526,101,'reflectivity','标反射率',1,'2017-05-20 10:48:34','','47','郑文杰','','U3通道无光斑，反射率无曲线','2017-05-20 10:48:34','2017-05-20 10:48:34',0),(525,100,'agingtest','老化测试',0,'2017-05-20 01:43:42','','44','','','ok','2017-05-20 01:43:42','2017-05-20 01:43:42',0),(524,109,'agingtest','老化测试',0,'2017-05-20 01:42:45','','44','李南方','','ok','2017-05-20 01:42:45','2017-05-20 01:42:45',0),(523,100,'static','标静态量',0,'2017-05-20 00:17:35','','44','李飞','','ok','2017-05-20 00:17:35','2017-05-20 00:17:35',0),(522,101,'assembly','总装',0,'2017-05-20 00:16:40','','44','郑文杰','','ok','2017-05-20 00:16:40','2017-05-20 00:16:40',0),(521,100,'reflectivity','标反射率',0,'2017-05-19 21:41:22','','44','李飞','','ok','2017-05-19 21:41:22','2017-05-19 21:41:22',0),(520,105,'agingtest','老化测试',0,'2017-05-19 21:37:19','','44','李飞/郑文杰','','ok','2017-05-19 21:37:19','2017-05-19 21:37:19',0),(519,100,'assembly','总装',0,'2017-05-19 21:11:15','','44','李飞/郑文杰','','ok','2017-05-19 21:11:15','2017-05-19 21:11:15',0),(518,122,'poireflector','点小反射镜',0,'2017-05-19 21:10:17','','42','','','正常','2017-05-19 21:10:17','2017-05-19 21:10:17',0),(517,101,'dynbalance','动平衡',0,'2017-05-19 20:53:43','','45','','','OK ','2017-05-19 20:53:43','2017-05-19 20:53:43',0),(501,100,'dynbalance','动平衡',0,'2017-05-19 17:04:45','','45','OK','','正常','2017-05-19 17:04:45','2017-05-19 17:04:45',0),(516,112,'dynbalance','动平衡',0,'2017-05-19 20:53:14','','45','OK ','','正常','2017-05-19 20:53:14','2017-05-19 20:53:14',0),(515,113,'dynbalance','动平衡',0,'2017-05-19 20:53:01','','45','','','OK ','2017-05-19 20:53:01','2017-05-19 20:53:01',0),(917,141,'poireflector','点小反射镜',0,'2017-06-02 22:03:26','','42','','','正常','2017-06-02 22:03:26','2017-06-02 22:03:26',0),(513,101,'dimmingretest','TC后复测',0,'2017-05-19 18:17:03','','42','','dimming/101/42/1495189009105.jpg','正常','2017-05-19 18:17:03','2017-05-19 18:17:03',0),(512,113,'dimmingretest','TC后复测',0,'2017-05-19 18:16:32','','42','','dimming/113/42/1495188974545.jpg','正常','2017-05-19 18:16:32','2017-05-19 18:16:32',0),(916,131,'receive','张腾 领取了机子',0,'2017-06-02 20:43:41','','53','','','','2017-06-02 20:43:41','2017-06-02 20:43:41',0),(541,102,'deliver','交付市场',0,'2017-05-21 17:47:07','','53','','','交付给文旭','2017-05-21 17:47:07','2017-05-21 17:47:07',0),(542,129,'adjreflector','调小反射镜',0,'2017-05-21 19:33:31','','42','','','正常','2017-05-21 19:33:31','2017-05-21 19:33:31',0),(543,128,'adjreflector','调小反射镜',0,'2017-05-21 19:33:37','','42','','','正常','2017-05-21 19:33:37','2017-05-21 19:33:37',0),(544,107,'poireceive','点接收+复测',0,'2017-05-21 19:33:37','','43','','dimming/107/43/1495366406313.jpg','正常','2017-05-21 19:33:37','2017-05-21 19:33:37',0),(545,107,'uvretest','UV+复测',0,'2017-05-21 19:33:56','','43','','dimming/107/43/1495366432268.jpg','正常','2017-05-21 19:33:56','2017-05-21 19:33:56',0),(546,106,'poireceive','点接收+复测',0,'2017-05-21 19:34:28','','43','','dimming/106/43/1495366465340.jpg','正常','2017-05-21 19:34:28','2017-05-21 19:34:28',0),(547,106,'uvretest','UV+复测',0,'2017-05-21 19:34:42','','43','','dimming/106/43/1495366477472.jpg','正常','2017-05-21 19:34:42','2017-05-21 19:34:42',0),(548,112,'backto assembly','回退到 总装 环节',1,'2017-05-21 21:34:03','','44','','','更换底板编码器和更换主板','2017-05-21 21:34:03','2017-05-21 21:34:03',0),(549,112,'assembly','总装',0,'2017-05-21 21:43:12','','44','李飞','','ok','2017-05-21 21:43:12','2017-05-21 21:43:12',0),(550,113,'reflectivity','标反射率',0,'2017-05-21 21:43:51','','44','','','ok','2017-05-21 21:43:51','2017-05-21 21:43:51',0),(551,113,'static','标静态量',0,'2017-05-21 21:44:07','','44','','','ok','2017-05-21 21:44:07','2017-05-21 21:44:07',0),(552,113,'agingtest','老化测试',0,'2017-05-21 21:44:29','','44','李飞','','ok','2017-05-21 21:44:29','2017-05-21 21:44:29',0),(553,107,'dimming','UV复测后TC老化',0,'2017-05-22 00:14:05','','44','','','ok','2017-05-22 00:14:05','2017-05-22 00:14:05',0),(554,112,'reflectivity','标反射率',0,'2017-05-22 00:14:13','','47','郑文杰','','更换主板后OK','2017-05-22 00:14:13','2017-05-22 00:14:13',0),(555,112,'static','标静态量',0,'2017-05-22 00:14:23','','47','','','ok','2017-05-22 00:14:23','2017-05-22 00:14:23',0),(556,113,'evaluation','产品评估',0,'2017-05-22 08:48:08','','53','','','确认OK','2017-05-22 08:48:08','2017-05-22 08:48:08',0),(557,113,'deliver','交付市场',0,'2017-05-22 08:48:22','','53','','','交付给文旭','2017-05-22 08:48:22','2017-05-22 08:48:22',0),(558,109,'evaluation','产品评估',1,'2017-05-22 08:50:36','','53','张腾','','偶尔启动不正常，出现杂乱的点或者无数据输出。','2017-05-22 08:50:36','2017-05-22 08:50:36',0),(559,107,'dimmingretest','TC后复测',0,'2017-05-22 08:57:27','','43','','dimming/107/43/1495414625134.jpg','正常','2017-05-22 08:57:27','2017-05-22 08:57:27',0),(560,131,'startassemble','开始生产',0,'2017-05-22 11:46:00','','38','','','','2017-05-22 11:46:17','2017-05-22 11:46:17',0),(561,132,'startassemble','开始生产',0,'2017-05-22 11:46:00','','38','','','','2017-05-22 11:46:42','2017-05-22 11:46:42',0),(562,112,'agingtest','老化测试',0,'2017-05-22 12:13:31','','44','','','ok','2017-05-22 12:13:31','2017-05-22 12:13:31',0),(563,101,'assembly','总装',0,'2017-05-22 13:01:33','','44','','','ok','2017-05-22 13:01:33','2017-05-22 13:01:33',0),(564,107,'dynbalance','动平衡',0,'2017-05-22 13:47:22','','45','','','正常','2017-05-22 13:47:22','2017-05-22 13:47:22',0),(565,106,'dimming','UV复测后TC老化',0,'2017-05-22 13:47:42','','45','','','正常','2017-05-22 13:47:42','2017-05-22 13:47:42',0),(566,107,'assembly','总装',0,'2017-05-22 15:16:14','','47','','','ok','2017-05-22 15:16:14','2017-05-22 15:16:14',0),(567,107,'reflectivity','标反射率',0,'2017-05-22 15:16:21','','47','','','ok','2017-05-22 15:16:21','2017-05-22 15:16:21',0),(568,107,'static','标静态量',0,'2017-05-22 15:16:29','','47','','','ok','2017-05-22 15:16:29','2017-05-22 15:16:29',0),(569,107,'agingtest','老化测试',0,'2017-05-22 15:16:36','','47','','','ok','2017-05-22 15:16:36','2017-05-22 15:16:36',0),(915,131,'agingtest','老化测试',0,'2017-06-02 20:29:25','','44','李飞／郑文杰','','ok','2017-06-02 20:29:25','2017-06-02 20:29:25',0),(571,131,'preassemble','预组装',0,'2017-05-22 17:39:42','','40','','','已完成','2017-05-22 17:39:42','2017-05-22 17:39:42',0),(572,132,'preassemble','预组装',0,'2017-05-22 17:45:53','','40','','','已完成','2017-05-22 17:45:53','2017-05-22 17:45:53',0),(914,131,'static','标静态量',0,'2017-06-02 20:28:58','','44','李飞／郑文杰','','正常','2017-06-02 20:28:58','2017-06-02 20:28:58',0),(574,106,'dimmingretest','TC后复测',0,'2017-05-22 18:29:17','','43','','dimming/106/43/1495448949981.jpg','正常','2017-05-22 18:29:17','2017-05-22 18:29:17',0),(575,125,'adjreflector','调小反射镜',0,'2017-05-22 18:38:04','','43','卢良山、熊光伟','','正常','2017-05-22 18:38:04','2017-05-22 18:38:04',0),(576,101,'reflectivity','标反射率',0,'2017-05-22 20:15:39','','44','郑文杰／李飞','','ok','2017-05-22 20:15:39','2017-05-22 20:15:39',0),(577,101,'static','标静态量',0,'2017-05-22 20:17:28','','44','郑文杰／李飞','','ok','2017-05-22 20:17:28','2017-05-22 20:17:28',0),(578,128,'poireflector','点小反射镜',0,'2017-05-22 21:16:56','','42','','','正常','2017-05-22 21:16:56','2017-05-22 21:16:56',0),(579,129,'poireflector','点小反射镜',0,'2017-05-22 21:17:19','','42','','','正常','2017-05-22 21:17:19','2017-05-22 21:17:19',0),(580,126,'poiemission','点发射',0,'2017-05-22 21:20:21','','42','','','正常','2017-05-22 21:20:21','2017-05-22 21:20:21',0),(581,107,'evaluation','产品评估',0,'2017-05-23 08:36:07','','53','张腾','','确认OK','2017-05-23 08:36:07','2017-05-23 08:36:07',0),(582,107,'deliver','交付市场',0,'2017-05-23 08:36:34','','53','','','用于客户老机器退换','2017-05-23 08:36:34','2017-05-23 08:36:34',0),(583,101,'agingtest','老化测试',0,'2017-05-23 08:41:04','','44','','','ok','2017-05-23 08:41:04','2017-05-23 08:41:04',0),(584,134,'startassemble','开始生产',0,'2017-05-23 09:25:00','','38','','','','2017-05-23 09:25:47','2017-05-23 09:25:47',0),(913,131,'reflectivity','标反射率',0,'2017-06-02 20:28:30','','44','郑文杰／李飞','dimming/131/44/1496406400572.jpg|dimming/131/44/1496406400548.jpg','正常','2017-06-02 20:28:30','2017-06-02 20:28:30',0),(589,134,'preassemble','预组装',0,'2017-05-23 17:24:51','','40','','','已完成','2017-05-23 17:24:51','2017-05-23 17:24:51',0),(590,105,'evaluation','产品评估',1,'2017-05-23 18:45:14','','53','张腾','','出现抖动','2017-05-23 18:45:14','2017-05-23 18:45:14',0),(591,132,'adjreflector','调小反射镜',0,'2017-05-23 20:43:17','','41','龙洁，杨莹','','暂未发现接触不良','2017-05-23 20:43:17','2017-05-23 20:43:17',0),(592,131,'adjreflector','调小反射镜',0,'2017-05-23 20:48:25','','41','王水艳，王云徽','','正常','2017-05-23 20:48:25','2017-05-23 20:48:25',0),(593,125,'poireflector','点小反射镜',0,'2017-05-23 20:49:30','','43','卢良山、熊光伟','','正常','2017-05-23 20:49:30','2017-05-23 20:49:30',0),(594,121,'poireceive','点接收+复测',0,'2017-05-24 11:51:55','','42','','dimming/121/42/1495597888588.jpg','正常','2017-05-24 11:51:55','2017-05-24 11:51:55',0),(595,121,'uvretest','UV+复测',0,'2017-05-24 11:52:24','','42','','dimming/121/42/1495597920636.jpg','正常','2017-05-24 11:52:24','2017-05-24 11:52:24',0),(596,122,'poiemission','点发射',0,'2017-05-24 11:53:58','','42','','','正常','2017-05-24 11:53:58','2017-05-24 11:53:58',0),(597,127,'adjreflector','调小反射镜',0,'2017-05-24 11:54:33','','42','','','正常','2017-05-24 11:54:33','2017-05-24 11:54:33',0),(598,134,'adjreflector','调小反射镜',0,'2017-05-24 11:54:52','','42','','','正常','2017-05-24 11:54:52','2017-05-24 11:54:52',0),(599,112,'evaluation','产品评估',0,'2017-05-24 14:23:49','','53','','','确认OK','2017-05-24 14:23:49','2017-05-24 14:23:49',0),(600,112,'deliver','交付市场',0,'2017-05-24 14:24:02','','53','','','交付市场Zara','2017-05-24 14:24:02','2017-05-24 14:24:02',0),(601,105,'evaluation','产品评估',0,'2017-05-24 14:24:34','','53','','','修复后OK','2017-05-24 14:24:34','2017-05-24 14:24:34',0),(602,105,'deliver','交付市场',0,'2017-05-24 14:24:49','','53','','','交付带到北京','2017-05-24 14:24:49','2017-05-24 14:24:49',0),(603,121,'dimming','UV复测后TC老化',0,'2017-05-24 14:56:24','','45','','','正常','2017-05-24 14:56:24','2017-05-24 14:56:24',0),(604,106,'dynbalance','动平衡',0,'2017-05-24 14:56:44','','45','','','正常','2017-05-24 14:56:44','2017-05-24 14:56:44',0),(605,106,'assembly','总装',0,'2017-05-24 16:59:45','','44','','','ok','2017-05-24 16:59:45','2017-05-24 16:59:45',0),(606,106,'reflectivity','标反射率',0,'2017-05-24 16:59:56','','44','','','ok','2017-05-24 16:59:56','2017-05-24 16:59:56',0),(607,106,'static','标静态量',0,'2017-05-24 17:00:06','','44','','','ok','2017-05-24 17:00:06','2017-05-24 17:00:06',0),(608,106,'agingtest','老化测试',0,'2017-05-24 17:00:15','','44','','','ok','2017-05-24 17:00:15','2017-05-24 17:00:15',0),(609,135,'startassemble','开始生产',0,'2017-05-24 19:58:00','','38','','','','2017-05-24 19:58:30','2017-05-24 19:58:30',0),(610,124,'adjreflector','调小反射镜',0,'2017-05-24 20:08:29','','41','赵宇航，邱恒丰','','正常','2017-05-24 20:08:29','2017-05-24 20:08:29',0),(611,125,'poiemission','点发射',0,'2017-05-24 20:08:47','','41','熊光伟，卢良山','','正常','2017-05-24 20:08:47','2017-05-24 20:08:47',0),(612,135,'preassemble','预组装',0,'2017-05-24 21:13:09','','40','','','已完成','2017-05-24 21:13:09','2017-05-24 21:13:09',0),(613,121,'dimmingretest','TC后复测',0,'2017-05-25 09:02:07','','42','','dimming/121/42/1495674114060.jpg','正常','2017-05-25 09:02:07','2017-05-25 09:02:07',0),(614,121,'dynbalance','动平衡',0,'2017-05-25 09:04:32','','45','','','OK ','2017-05-25 09:04:32','2017-05-25 09:04:32',0),(615,121,'assembly','总装',0,'2017-05-25 09:04:36','','45','','','正常','2017-05-25 09:04:36','2017-05-25 09:04:36',0),(616,129,'poiemission','点发射',0,'2017-05-25 09:13:54','','42','','','正常','2017-05-25 09:13:54','2017-05-25 09:13:54',0),(617,128,'poiemission','点发射',0,'2017-05-25 09:14:06','','42','','','正常','2017-05-25 09:14:06','2017-05-25 09:14:06',0),(618,126,'poiemitc','点发射完TC',0,'2017-05-25 09:14:36','','45','','','正常','2017-05-25 09:14:36','2017-05-25 09:14:36',0),(619,129,'poiemitc','点发射完TC',0,'2017-05-25 09:14:45','','45','','','正常','2017-05-25 09:14:45','2017-05-25 09:14:45',0),(620,128,'poiemitc','点发射完TC',0,'2017-05-25 09:14:56','','45','','','正常','2017-05-25 09:14:56','2017-05-25 09:14:56',0),(621,125,'poiemitc','点发射完TC',0,'2017-05-25 09:15:03','','45','','','正常','2017-05-25 09:15:03','2017-05-25 09:15:03',0),(622,122,'poiemitc','点发射完TC',0,'2017-05-25 09:15:10','','45','','','正常','2017-05-25 09:15:10','2017-05-25 09:15:10',0),(623,136,'startassemble','开始生产',0,'2017-05-25 09:00:00','','38','','','','2017-05-25 10:08:43','2017-05-25 10:08:43',0),(624,136,'preassemble','预组装',0,'2017-05-25 11:31:48','','40','','','已完成','2017-05-25 11:31:48','2017-05-25 11:31:48',0),(625,101,'evaluation','产品评估',0,'2017-05-25 14:12:41','','53','','','确认OK','2017-05-25 14:12:41','2017-05-25 14:12:41',0),(626,101,'deliver','交付市场',0,'2017-05-25 14:13:00','','53','','','交付文旭','2017-05-25 14:13:00','2017-05-25 14:13:00',0),(627,106,'evaluation','产品评估',0,'2017-05-25 14:13:51','','53','','','出现抖动后修复暂未异常','2017-05-25 14:13:51','2017-05-25 14:13:51',0),(628,106,'deliver','交付市场',0,'2017-05-25 14:13:59','','53','','','已交付','2017-05-25 14:13:59','2017-05-25 14:13:59',0),(629,121,'reflectivity','标反射率',0,'2017-05-25 20:29:42','','44','李飞／郑文杰','dimming/121/44/1495715305140.jpg','ok','2017-05-25 20:29:42','2017-05-25 20:29:42',0),(630,121,'static','标静态量',0,'2017-05-25 20:42:55','','44','郑文杰','dimming/121/44/1495716123032.jpg','ok','2017-05-25 20:42:55','2017-05-25 20:42:55',0),(631,121,'agingtest','老化测试',0,'2017-05-25 20:44:54','','44','','dimming/121/44/1495716239260.jpg','ok','2017-05-25 20:44:54','2017-05-25 20:44:54',0),(632,134,'poireflector','点小反射镜',0,'2017-05-25 21:35:54','','42','','','正常','2017-05-25 21:35:54','2017-05-25 21:35:54',0),(633,134,'poiemission','点发射',0,'2017-05-25 21:36:20','','42','','','正常','2017-05-25 21:36:20','2017-05-25 21:36:20',0),(634,127,'poireflector','点小反射镜',0,'2017-05-25 21:36:53','','42','','','正常','2017-05-25 21:36:53','2017-05-25 21:36:53',0),(635,135,'adjreflector','调小反射镜',0,'2017-05-25 21:37:16','','42','','','正常','2017-05-25 21:37:16','2017-05-25 21:37:16',0),(912,122,'backto poiemitc','回退到 点发射完TC 环节',1,'2017-06-02 19:38:39','','38','','','TC后信号变化，退回重调接收','2017-06-02 19:38:39','2017-06-02 19:38:39',0),(911,136,'stop','吴熙龙 停止了该机生产',1,'2017-06-02 19:33:59','','38','','','','2017-06-02 19:33:59','2017-06-02 19:33:59',0),(910,150,'startassemble','开始生产',0,'2017-06-02 19:31:00','','38','','','','2017-06-02 19:32:04','2017-06-02 19:32:04',0),(909,124,'stop','吴熙龙 停止了该机生产',1,'2017-06-02 19:30:55','','38','','','','2017-06-02 19:30:55','2017-06-02 19:30:55',0),(908,124,'stop','吴熙龙 停止了该机生产',1,'2017-06-02 19:29:57','','38','','','','2017-06-02 19:29:57','2017-06-02 19:29:57',0),(907,122,'backto poireceive','回退到 点接收+复测 环节',1,'2017-06-02 19:26:45','','42','','','无说明情况','2017-06-02 19:26:45','2017-06-02 19:26:45',0),(906,122,'dimmingretest','TC后复测',0,'2017-06-02 19:26:17','','42','','dimming/122/42/1496402775909.jpg','TC后数据变化异常','2017-06-02 19:26:17','2017-06-02 19:26:17',0),(905,139,'poireflector','点小反射镜',0,'2017-06-02 18:17:55','','42','','','正常','2017-06-02 18:17:55','2017-06-02 18:17:55',0),(904,139,'adjreflector','调小反射镜',0,'2017-06-02 18:17:51','','42','','','正常','2017-06-02 18:17:51','2017-06-02 18:17:51',0),(903,140,'poiemission','点发射',0,'2017-06-02 18:17:41','','42','','','正常','2017-06-02 18:17:41','2017-06-02 18:17:41',0),(902,140,'poireflector','点小反射镜',0,'2017-06-02 18:17:33','','42','','','正常','2017-06-02 18:17:33','2017-06-02 18:17:33',0),(901,135,'poiemission','点发射',0,'2017-06-02 18:17:08','','42','','','正常','2017-06-02 18:17:08','2017-06-02 18:17:08',0),(652,121,'evaluation','产品评估',0,'2017-05-26 21:10:55','','53','','','正常','2017-05-26 21:10:55','2017-05-26 21:10:55',0),(653,126,'poireceive','点接收+复测',0,'2017-05-27 14:57:02','','42','','dimming/126/42/1495868192540.jpg','正常','2017-05-27 14:57:02','2017-05-27 14:57:02',0),(654,126,'uvretest','UV+复测',0,'2017-05-27 14:57:32','','42','','dimming/126/42/1495868228418.jpg','正常','2017-05-27 14:57:32','2017-05-27 14:57:32',0),(655,127,'poiemission','点发射',0,'2017-05-27 14:59:13','','42','','','正常','2017-05-27 14:59:13','2017-05-27 14:59:13',0),(656,126,'dimming','UV复测后TC老化',0,'2017-05-27 16:03:54','','45','','','正常','2017-05-27 16:03:54','2017-05-27 16:03:54',0),(657,126,'dimmingretest','TC后复测',0,'2017-05-27 16:09:02','','42','','dimming/126/42/1495872289513.jpg','正常','2017-05-27 16:09:02','2017-05-27 16:09:02',0),(658,126,'dynbalance','动平衡',0,'2017-05-27 16:12:22','','45','','','正常','2017-05-27 16:12:22','2017-05-27 16:12:22',0),(659,134,'poiemitc','点发射完TC',0,'2017-05-27 16:12:36','','45','','','正常','2017-05-27 16:12:36','2017-05-27 16:12:36',0),(660,134,'poireceive','点接收+复测',0,'2017-05-28 09:33:09','','42','','dimming/134/42/1495935161637.jpg','正常','2017-05-28 09:33:09','2017-05-28 09:33:09',0),(661,134,'uvretest','UV+复测',0,'2017-05-28 09:33:58','','42','','dimming/134/42/1495935202922.jpg','正常','2017-05-28 09:33:58','2017-05-28 09:33:58',0),(662,129,'poireceive','点接收+复测',0,'2017-05-28 09:34:53','','42','','dimming/129/42/1495935265091.jpg','正常','2017-05-28 09:34:53','2017-05-28 09:34:53',0),(663,129,'uvretest','UV+复测',0,'2017-05-28 09:36:44','','42','','dimming/129/42/1495935309271.jpg','正常','2017-05-28 09:36:44','2017-05-28 09:36:44',0),(664,128,'poireceive','点接收+复测',0,'2017-05-28 09:37:30','','42','','dimming/128/42/1495935419600.jpg','正常','2017-05-28 09:37:30','2017-05-28 09:37:30',0),(665,128,'uvretest','UV+复测',0,'2017-05-28 09:39:09','','42','','dimming/128/42/1495935464190.jpg','正常','2017-05-28 09:39:09','2017-05-28 09:39:09',0),(666,126,'assembly','总装',0,'2017-05-28 10:18:39','','44','','','ok','2017-05-28 10:18:39','2017-05-28 10:18:39',0),(667,121,'receive','李南方 领取了机子',0,'2017-05-28 10:25:07','','44','','','','2017-05-28 10:25:07','2017-05-28 10:25:07',0),(668,126,'reflectivity','标反射率',0,'2017-05-28 12:07:28','','44','李飞','dimming/126/44/1495944399474.jpg','反射率曲线部分通道异常','2017-05-28 12:07:28','2017-05-28 12:07:28',0),(669,126,'static','标静态量',0,'2017-05-28 12:10:50','','44','李飞','dimming/126/44/1495944529706.jpg','部分通道有断线／不规则','2017-05-28 12:10:50','2017-05-28 12:10:50',0),(670,121,'receive','张腾 领取了机子',0,'2017-05-28 12:18:31','','53','','','','2017-05-28 12:18:31','2017-05-28 12:18:31',0),(671,121,'backto evaluation','回退到 产品评估 环节',1,'2017-05-28 12:19:12','','53','','','验证修改角度异常的底板程序','2017-05-28 12:19:12','2017-05-28 12:19:12',0),(672,126,'agingtest','老化测试',0,'2017-05-28 13:44:04','','44','李飞','','正常','2017-05-28 13:44:04','2017-05-28 13:44:04',0),(673,126,'receive','张腾 领取了机子',0,'2017-05-28 14:34:19','','53','','','','2017-05-28 14:34:19','2017-05-28 14:34:19',0),(674,108,'backto evaluation','回退到 产品评估 环节',1,'2017-05-28 14:39:53','','53','','','验证修改角度异常的底板程序','2017-05-28 14:39:53','2017-05-28 14:39:53',0),(675,108,'receive','张腾 领取了机子',0,'2017-05-28 14:40:00','','53','','','','2017-05-28 14:40:00','2017-05-28 14:40:00',0),(676,100,'receive','张腾 领取了机子',0,'2017-05-28 17:48:03','','53','','','','2017-05-28 17:48:03','2017-05-28 17:48:03',0),(677,109,'receive','张腾 领取了机子',0,'2017-05-28 17:48:10','','53','','','','2017-05-28 17:48:10','2017-05-28 17:48:10',0),(678,108,'evaluation','产品评估',1,'2017-05-28 17:52:44','','53','张腾','','小幅度平凡抖动，疑似码盘不良，和角度异常无关。','2017-05-28 17:52:44','2017-05-28 17:52:44',0),(679,128,'dimming','UV复测后TC老化',0,'2017-05-30 15:24:41','','44','','','ok','2017-05-30 15:24:41','2017-05-30 15:24:41',0),(680,129,'dimming','UV复测后TC老化',0,'2017-05-30 15:49:37','','44','','','ok','2017-05-30 15:49:37','2017-05-30 15:49:37',0),(681,128,'dimmingretest','TC后复测',0,'2017-05-30 15:54:11','','42','','dimming/128/42/1496130848789.jpg','正常','2017-05-30 15:54:11','2017-05-30 15:54:11',0),(682,129,'dimmingretest','TC后复测',0,'2017-05-30 15:54:28','','42','','dimming/129/42/1496130865129.jpg','正常','2017-05-30 15:54:28','2017-05-30 15:54:28',0),(683,122,'poireceive','点接收+复测',0,'2017-05-30 15:58:17','','42','','dimming/122/42/1496131090709.jpg','正常','2017-05-30 15:58:17','2017-05-30 15:58:17',0),(684,122,'uvretest','UV+复测',0,'2017-05-30 15:58:26','','42','','dimming/122/42/1496131104488.jpg','正常','2017-05-30 15:58:26','2017-05-30 15:58:26',0),(685,129,'dynbalance','动平衡',0,'2017-05-30 16:07:50','','45','','','正常','2017-05-30 16:07:50','2017-05-30 16:07:50',0),(686,128,'dynbalance','动平衡',0,'2017-05-30 16:07:59','','45','','','正常','2017-05-30 16:07:59','2017-05-30 16:07:59',0),(687,128,'assembly','总装',0,'2017-05-30 16:11:58','','44','','','正常','2017-05-30 16:11:58','2017-05-30 16:11:58',0),(688,129,'assembly','总装',0,'2017-05-30 16:12:58','','44','','','ok','2017-05-30 16:12:58','2017-05-30 16:12:58',0),(689,129,'reflectivity','标反射率',0,'2017-05-30 16:24:25','','44','郑文杰','dimming/129/44/1496132640901.jpg','ok','2017-05-30 16:24:25','2017-05-30 16:24:25',0),(690,129,'static','标静态量',0,'2017-05-30 16:26:48','','44','郑文杰','dimming/129/44/1496132786449.jpg','ok','2017-05-30 16:26:48','2017-05-30 16:26:48',0),(691,128,'reflectivity','标反射率',0,'2017-05-30 16:29:21','','44','郑文杰','dimming/128/44/1496132942496.jpg','正常','2017-05-30 16:29:21','2017-05-30 16:29:21',0),(692,128,'static','标静态量',0,'2017-05-30 16:29:50','','44','郑文杰','dimming/128/44/1496132968797.jpg','正常','2017-05-30 16:29:50','2017-05-30 16:29:50',0),(693,134,'dimming','UV复测后TC老化',0,'2017-05-30 16:39:30','','45','','','正常','2017-05-30 16:39:30','2017-05-30 16:39:30',0),(694,122,'dimming','UV复测后TC老化',0,'2017-05-30 16:39:41','','45','','','正常','2017-05-30 16:39:41','2017-05-30 16:39:41',0),(900,135,'poireflector','点小反射镜',0,'2017-06-02 18:17:04','','42','','','正常','2017-06-02 18:17:04','2017-06-02 18:17:04',0),(899,143,'preassemble','预组装',0,'2017-06-02 11:19:21','','40','班小兰','','已完成','2017-06-02 11:19:21','2017-06-02 11:19:21',0),(698,128,'agingtest','老化测试',0,'2017-05-31 09:20:10','','47','郑文杰','dimming/128/47/1496193585319.jpg','ok','2017-05-31 09:20:10','2017-05-31 09:20:10',0),(699,129,'agingtest','老化测试',0,'2017-05-31 09:20:54','','47','郑文杰','dimming/129/47/1496193625412.jpg','ok','2017-05-31 09:20:54','2017-05-31 09:20:54',0),(700,128,'receive','张腾 领取了机子',0,'2017-05-31 10:00:58','','53','','','','2017-05-31 10:00:58','2017-05-31 10:00:58',0),(701,129,'receive','张腾 领取了机子',0,'2017-05-31 10:01:11','','53','','','','2017-05-31 10:01:11','2017-05-31 10:01:11',0),(702,126,'receive','郑文杰 领取了机子',0,'2017-05-31 10:01:48','','47','','','','2017-05-31 10:01:48','2017-05-31 10:01:48',0),(703,137,'startassemble','开始生产',0,'2017-05-31 10:27:00','','38','','','','2017-05-31 10:27:33','2017-05-31 10:27:33',0),(704,138,'startassemble','开始生产',0,'2017-05-31 10:28:00','','38','','','','2017-05-31 10:29:01','2017-05-31 10:29:01',0),(705,138,'preassemble','预组装',0,'2017-05-31 10:32:58','','40','班小兰','','已完成','2017-05-31 10:32:58','2017-05-31 10:32:58',0),(706,139,'startassemble','开始生产',0,'2017-05-27 10:28:00','','38','','','','2017-05-31 10:33:07','2017-05-31 10:33:07',0),(707,137,'preassemble','预组装',0,'2017-05-31 10:33:21','','40','班小兰','','已完成','2017-05-31 10:33:21','2017-05-31 10:33:21',0),(708,140,'startassemble','开始生产',0,'2017-05-31 10:28:00','','38','','','','2017-05-31 10:33:30','2017-05-31 10:33:30',0),(709,139,'preassemble','预组装',0,'2017-05-31 10:33:38','','40','班小兰','','已完成','2017-05-31 10:33:38','2017-05-31 10:33:38',0),(710,141,'startassemble','开始生产',0,'2017-05-31 10:28:00','','38','','','','2017-05-31 10:33:47','2017-05-31 10:33:47',0),(711,140,'preassemble','预组装',0,'2017-05-31 10:33:57','','40','班小兰','','已完成','2017-05-31 10:33:57','2017-05-31 10:33:57',0),(712,141,'preassemble','预组装',0,'2017-05-31 10:34:13','','40','班小兰','','已完成','2017-05-31 10:34:13','2017-05-31 10:34:13',0),(984,135,'uvretest','UV+复测',0,'2017-06-05 20:56:13','','42','','dimming/135/42/1496667358133.jpg','正常','2017-06-05 20:56:13','2017-06-05 20:56:13',0),(983,135,'poireceive','点接收+复测',0,'2017-06-05 20:55:47','','42','','dimming/135/42/1496667342693.jpg','正常','2017-06-05 20:55:47','2017-06-05 20:55:47',0),(1010,131,'deliver','交付市场',0,'2017-06-06 21:36:11','','53','',NULL,'交付泉国','2017-06-06 21:36:11','2017-06-06 21:36:11',0),(1009,131,'evaluation','产品评估',0,'2017-06-06 21:35:20','','53','',NULL,'路测反射率一般。静态环境测试有偶发性的噪点。','2017-06-06 21:35:20','2017-06-06 21:35:20',0),(1007,131,'evaluation','产品评估',1,'2017-06-06 21:27:01','','53','','','嗯嗯','2017-06-06 21:27:01','2017-06-06 21:27:06',1),(1008,131,'evaluation','产品评估',1,'2017-06-06 21:28:14','','53','',NULL,'异常','2017-06-06 21:28:14','2017-06-06 21:28:18',1),(1000,122,'evaluation','产品评估',0,'2017-06-06 20:53:03','','53','',NULL,'使用新的去噪点固件，路测发现无法完全剔除。','2017-06-06 20:53:03','2017-06-06 20:53:03',0),(1001,122,'deliver','交付市场',0,'2017-06-06 20:54:48','','53','',NULL,'同60一起交付','2017-06-06 20:54:48','2017-06-06 20:54:48',0),(1002,127,'evaluation','产品评估',0,'2017-06-06 20:55:46','','53','',NULL,'使用新的去噪点固件，路测偶发噪点情况多余56号机。','2017-06-06 20:55:46','2017-06-06 20:55:46',0),(1003,127,'deliver','交付市场',0,'2017-06-06 20:56:05','','53','',NULL,'和56一起交付','2017-06-06 20:56:05','2017-06-06 20:56:05',0),(1004,131,'evaluation','产品评估',0,'2017-06-06 21:15:43','','53','',NULL,'异常','2017-06-06 21:15:43','2017-06-06 21:26:15',1),(1005,131,'evaluation','产品评估',0,'2017-06-06 21:26:25','','53','','','嗯嗯','2017-06-06 21:26:25','2017-06-06 21:26:29',1),(1006,131,'evaluation','产品评估',1,'2017-06-06 21:26:38','','53','嗯嗯嗯','','嗯嗯','2017-06-06 21:26:38','2017-06-06 21:26:46',1),(999,135,'dynbalance','动平衡',0,'2017-06-06 14:45:42','','45','',NULL,'正常','2017-06-06 14:45:42','2017-06-06 14:45:42',0),(968,151,'preassemble','预组装',0,'2017-06-05 16:23:49','','40','班小兰','','已完成','2017-06-05 16:23:49','2017-06-05 16:23:49',0),(735,134,'dimmingretest','TC后复测',0,'2017-05-31 16:02:22','','42','','dimming/134/42/1496217625108.jpg','D0接触不良，管脚掰弯后正常','2017-05-31 16:02:22','2017-05-31 16:02:22',0),(736,134,'dynbalance','动平衡',0,'2017-05-31 21:05:10','','45','','','正常','2017-05-31 21:05:10','2017-05-31 21:05:10',0),(737,134,'assembly','总装',0,'2017-05-31 21:15:11','','47','郑文杰','','ok','2017-05-31 21:15:11','2017-05-31 21:15:11',0),(738,134,'reflectivity','标反射率',0,'2017-05-31 21:16:51','','47','郑文杰','dimming/134/47/1496236593461.jpg','ok','2017-05-31 21:16:51','2017-05-31 21:16:51',0),(739,134,'static','标静态量',0,'2017-05-31 21:17:13','','47','郑文杰','dimming/134/47/1496236625492.jpg','ok','2017-05-31 21:17:13','2017-05-31 21:17:13',0),(740,131,'poireflector','点小反射镜',0,'2017-05-31 22:16:32','','41','王水艳','','正常','2017-05-31 22:16:32','2017-05-31 22:16:32',0),(741,131,'poiemission','点发射',0,'2017-05-31 22:16:45','','41','王水艳，王云徽','','正常','2017-05-31 22:16:45','2017-05-31 22:16:45',0),(742,138,'adjreflector','调小反射镜',0,'2017-05-31 22:17:30','','41','熊光伟，卢良山','','正常','2017-05-31 22:17:30','2017-05-31 22:17:33',1),(743,104,'backto adjreflector','回退到 调小反射镜 环节',1,'2017-05-31 22:17:57','','41','','','无说明情况','2017-05-31 22:17:57','2017-05-31 22:17:57',0),(744,124,'poireflector','点小反射镜',1,'2017-05-31 22:18:28','','41','','','缺接收板，拆机','2017-05-31 22:18:28','2017-05-31 22:18:28',0),(745,131,'poiemitc','点发射完TC',0,'2017-05-31 22:25:13','','45','','','正常','2017-05-31 22:25:13','2017-05-31 22:25:13',0),(746,131,'poireceive','点接收+复测',0,'2017-05-31 22:37:53','','41','王水艳，王云徽','dimming/131/41/1496241431354.jpg','正常','2017-05-31 22:37:53','2017-05-31 22:37:53',0),(747,131,'uvretest','UV+复测',0,'2017-05-31 22:40:56','','41','王水艳，王云徽','dimming/131/41/1496241485275.jpg','正常','2017-05-31 22:40:56','2017-05-31 22:40:56',0),(748,131,'dimming','UV复测后TC老化',0,'2017-05-31 22:52:45','','45','','','正常','2017-05-31 22:52:45','2017-05-31 22:52:45',0),(749,131,'dimmingretest','TC后复测',0,'2017-05-31 22:55:30','','41','王水艳，王云徽','dimming/131/41/1496242408716.jpg','正常','2017-05-31 22:55:30','2017-05-31 22:55:30',0),(750,131,'dynbalance','动平衡',0,'2017-05-31 23:12:59','','45','','','正常','2017-05-31 23:12:59','2017-05-31 23:12:59',0),(751,140,'adjreflector','调小反射镜',0,'2017-05-31 23:39:28','','42','','','正常','2017-05-31 23:39:28','2017-05-31 23:39:28',0),(752,141,'adjreflector','调小反射镜',0,'2017-05-31 23:39:43','','42','','','正常','2017-05-31 23:39:43','2017-05-31 23:39:43',0),(753,143,'startassemble','开始生产',0,'2017-06-01 08:56:00','','38','','','','2017-06-01 08:56:29','2017-06-01 08:56:29',0),(754,144,'startassemble','开始生产',0,'2017-06-01 08:56:00','','38','','','','2017-06-01 08:56:54','2017-06-01 08:56:54',0),(967,152,'preassemble','预组装',0,'2017-06-05 16:23:29','','40','班小兰','','已完成','2017-06-05 16:23:29','2017-06-05 16:23:29',0),(966,153,'preassemble','预组装',0,'2017-06-05 16:23:09','','40','班小兰','','已完成','2017-06-05 16:23:09','2017-06-05 16:23:09',0),(965,140,'dimmingretest','TC后复测',0,'2017-06-05 13:49:48','','42','','dimming/140/42/1496641754393.jpg','正常','2017-06-05 13:49:48','2017-06-05 13:49:48',0),(964,122,'evaluation','产品评估',1,'2017-06-05 12:04:03','','53','林艺斌',NULL,'数据上下颠倒，且偶尔启动无数据','2017-06-05 12:04:03','2017-06-05 12:04:03',0),(963,127,'receive','张腾 领取了机子',0,'2017-06-05 12:03:06','','53','','','','2017-06-05 12:03:06','2017-06-05 12:03:06',0),(962,153,'startassemble','开始生产',0,'2017-06-05 08:59:00','','38','','','','2017-06-05 08:59:14','2017-06-05 08:59:14',0),(961,152,'startassemble','开始生产',0,'2017-06-05 08:58:00','','38','','','','2017-06-05 08:58:48','2017-06-05 08:58:48',0),(959,141,'poiemitc','点发射完TC',0,'2017-06-05 08:43:13','','45','',NULL,'正常','2017-06-05 08:43:13','2017-06-05 08:43:13',0),(960,151,'startassemble','开始生产',0,'2017-06-05 08:58:00','','38','','','','2017-06-05 08:58:19','2017-06-05 08:58:19',0),(957,140,'dimming','UV复测后TC老化',0,'2017-06-05 08:42:59','','45','',NULL,'正常','2017-06-05 08:42:59','2017-06-05 08:42:59',0),(958,139,'poiemitc','点发射完TC',0,'2017-06-05 08:43:07','','45','',NULL,'正常','2017-06-05 08:43:07','2017-06-05 08:43:07',0),(956,140,'uvretest','UV+复测',0,'2017-06-05 08:41:41','','42','','dimming/140/42/1496623293689.jpg','正常','2017-06-05 08:41:41','2017-06-05 08:41:41',0),(955,140,'poireceive','点接收+复测',0,'2017-06-05 08:41:00','','42','','dimming/140/42/1496623251064.jpg','正常','2017-06-05 08:41:00','2017-06-05 08:41:00',0),(954,149,'adjreflector','调小反射镜',0,'2017-06-04 11:55:37','','42','','','光斑整体倾斜','2017-06-04 11:55:37','2017-06-04 11:55:37',0),(770,134,'receive','张腾 领取了机子',0,'2017-06-01 10:42:38','','53','','','','2017-06-01 10:42:38','2017-06-01 10:42:38',0),(771,134,'agingtest','老化测试',0,'2017-06-01 10:50:01','','44','','','ok','2017-06-01 10:50:01','2017-06-01 10:50:01',0),(952,139,'poiemission','点发射',0,'2017-06-03 23:33:09','','42','','','正常','2017-06-03 23:33:09','2017-06-03 23:33:09',0),(953,141,'poiemission','点发射',0,'2017-06-03 23:33:23','','42','','','正常','2017-06-03 23:33:23','2017-06-03 23:33:23',0),(951,127,'agingtest','老化测试',0,'2017-06-03 21:12:34','','47','','','ok','2017-06-03 21:12:34','2017-06-03 21:12:34',0),(950,127,'static','标静态量',0,'2017-06-03 21:12:29','','47','','','ok','2017-06-03 21:12:29','2017-06-03 21:12:29',0),(949,127,'reflectivity','标反射率',0,'2017-06-03 21:12:21','','47','','dimming/127/47/1496495496323.jpg|dimming/127/47/1496495496392.jpg','ok','2017-06-03 21:12:21','2017-06-03 21:12:21',0),(1093,165,'deliver','交付使用',0,'2017-06-09 18:12:32','','1','','','变更','2017-06-09 18:12:32','2017-06-09 18:12:32',0),(1081,165,'evaluation','产品评估',0,'2017-06-09 17:19:27','','1','','','正常','2017-06-09 17:19:27','2017-06-09 17:19:27',0),(1080,165,'agingtest','老化测试',0,'2017-06-09 17:19:22','','1','','','正常','2017-06-09 17:19:22','2017-06-09 17:19:22',0),(1079,165,'static','标静态量',0,'2017-06-09 17:19:18','','1','','','正常','2017-06-09 17:19:18','2017-06-09 17:19:18',0),(1078,165,'reflectivity','标反射率',0,'2017-06-09 17:19:14','','1','','dimming/165/1/1496999952686.jpg','正常','2017-06-09 17:19:14','2017-06-09 17:19:14',0),(1077,165,'assembly','总装',0,'2017-06-09 17:19:02','','1','','','正常','2017-06-09 17:19:02','2017-06-09 17:19:02',0),(1076,165,'dynbalance','动平衡',0,'2017-06-09 17:18:59','','1','','','正常','2017-06-09 17:18:59','2017-06-09 17:18:59',0),(1075,165,'dimmingretest','TC后复测',0,'2017-06-09 17:18:55','','1','','dimming/165/1/1496999934202.jpg','正常','2017-06-09 17:18:55','2017-06-09 17:18:55',0),(1074,165,'dimming','UV复测后TC老化',0,'2017-06-09 17:18:42','','1','','','正常','2017-06-09 17:18:42','2017-06-09 17:18:42',0),(895,131,'assembly','总装',0,'2017-06-01 19:15:59','','44','李飞','','正常','2017-06-01 19:15:59','2017-06-01 19:15:59',0),(896,149,'startassemble','开始生产',0,'2017-06-02 11:05:00','','38','','','','2017-06-02 11:07:08','2017-06-02 11:07:08',0),(897,149,'preassemble','预组装',0,'2017-06-02 11:18:48','','40','班小兰','','已完成','2017-06-02 11:18:48','2017-06-02 11:18:48',0),(898,144,'preassemble','预组装',0,'2017-06-02 11:19:06','','40','班小兰','','已完成','2017-06-02 11:19:06','2017-06-02 11:19:06',0),(948,122,'agingtest','老化测试',0,'2017-06-03 21:10:42','','47','','','ok','2017-06-03 21:10:42','2017-06-03 21:10:42',0),(947,122,'static','标静态量',0,'2017-06-03 21:10:26','','47','','','ok','2017-06-03 21:10:26','2017-06-03 21:10:26',0),(946,122,'reflectivity','标反射率',0,'2017-06-03 21:09:42','','47','','dimming/122/47/1496495375820.jpg','ok','2017-06-03 21:09:42','2017-06-03 21:09:42',0),(945,122,'assembly','总装',0,'2017-06-03 17:53:18','','44','','','正常','2017-06-03 17:53:18','2017-06-03 17:53:18',0),(944,127,'assembly','总装',0,'2017-06-03 17:53:08','','44','','','正常','2017-06-03 17:53:08','2017-06-03 17:53:08',0),(943,104,'poireflector','点小反射镜',0,'2017-06-03 16:48:33','','41','赵宇航','','正常','2017-06-03 16:48:33','2017-06-03 16:48:33',0),(941,137,'adjreflector','调小反射镜',1,'2017-06-03 16:45:21','','41','','','光斑整体倾斜，拿回公司分析','2017-06-03 16:45:21','2017-06-03 16:45:21',0),(942,104,'adjreflector','调小反射镜',0,'2017-06-03 16:45:58','','41','赵宇航，龙洁','','正常','2017-06-03 16:45:58','2017-06-03 16:45:58',0),(940,138,'poireflector','点小反射镜',0,'2017-06-03 16:44:11','','41','卢良山，唐三文','','正常','2017-06-03 16:44:11','2017-06-03 16:44:11',0),(938,143,'poireflector','点小反射镜',0,'2017-06-03 16:41:07','','41','邱恒丰，黄闯','','正常','2017-06-03 16:41:07','2017-06-03 16:41:07',0),(939,138,'adjreflector','调小反射镜',0,'2017-06-03 16:42:58','','41','熊光伟，卢良山','','正常','2017-06-03 16:42:58','2017-06-03 16:42:58',0),(937,143,'adjreflector','调小反射镜',0,'2017-06-03 16:40:50','','41','邱恒丰，黄闯，龙洁','','正常','2017-06-03 16:40:50','2017-06-03 16:40:50',0),(936,144,'poireflector','点小反射镜',0,'2017-06-03 16:39:46','','41','王云徽，杜扬保（新），唐杰（新）','','正常','2017-06-03 16:39:46','2017-06-03 16:39:46',0),(935,144,'adjreflector','调小反射镜',0,'2017-06-03 16:38:37','','41','王云徽','','正常','2017-06-03 16:38:37','2017-06-03 16:38:37',0),(934,132,'poireflector','点小反射镜',0,'2017-06-03 16:38:02','','41','王旭清，熊光伟','','管脚变松，部分金层磨损','2017-06-03 16:38:02','2017-06-03 16:38:02',0),(933,125,'backto adjreflector','回退到 调小反射镜 环节',1,'2017-06-03 16:36:33','','41','','','发射完TC后信号异常','2017-06-03 16:36:33','2017-06-03 16:36:33',0),(931,127,'dynbalance','动平衡',0,'2017-06-03 15:45:40','','44','','','ok','2017-06-03 15:45:40','2017-06-03 15:45:40',0),(932,122,'dynbalance','动平衡',0,'2017-06-03 15:46:29','','44','','','ok','2017-06-03 15:46:29','2017-06-03 15:46:29',0),(929,122,'dimming','UV复测后TC老化',0,'2017-06-03 13:42:17','','45','',NULL,'正常','2017-06-03 13:42:17','2017-06-03 13:42:17',0),(930,122,'dimmingretest','TC后复测',0,'2017-06-03 13:43:56','','42','','dimming/122/42/1496468608480.jpg','正常','2017-06-03 13:43:56','2017-06-03 13:43:56',0),(1073,165,'uvretest','UV+复测',0,'2017-06-09 17:18:39','','1','','','正常','2017-06-09 17:18:39','2017-06-09 17:18:39',0),(1072,165,'poireceive','点接收+复测',0,'2017-06-09 17:18:36','','1','','','正常','2017-06-09 17:18:36','2017-06-09 17:18:36',0),(1071,165,'poiemitc','点发射完TC',0,'2017-06-09 17:18:32','','1','','','正常','2017-06-09 17:18:32','2017-06-09 17:18:32',0),(1070,165,'poiemission','点发射',0,'2017-06-09 17:18:28','','1','','','正常','2017-06-09 17:18:28','2017-06-09 17:18:28',0),(1069,165,'poireflector','点小反射镜',0,'2017-06-09 17:18:25','','1','','','正常','2017-06-09 17:18:25','2017-06-09 17:18:25',0),(1068,165,'adjreflector','调小反射镜',0,'2017-06-09 17:18:21','','1','','','正常','2017-06-09 17:18:21','2017-06-09 17:18:21',0),(1067,165,'preassemble','预组装',0,'2017-06-09 17:18:18','','1','','','正常','2017-06-09 17:18:18','2017-06-09 17:18:18',0),(1066,165,'startassemble','开始生产',0,'2017-06-16 00:00:00','','1','','','','2017-06-09 17:18:03','2017-06-09 17:18:03',0),(1065,139,'evaluation','产品评估',0,'2017-06-09 16:19:51','','2','','','正常','2017-06-09 16:19:51','2017-06-09 16:19:54',1),(1064,139,'evaluation','产品评估',1,'2017-06-08 22:03:54','','53','张腾',NULL,'测距层现一段段的现象','2017-06-08 22:03:54','2017-06-08 22:03:54',0),(1063,138,'assembly','总装',0,'2017-06-08 22:00:20','','47','郑文杰','','ok','2017-06-08 22:00:20','2017-06-08 22:00:20',0),(1062,138,'dynbalance','动平衡',0,'2017-06-08 19:28:01','','47','郑文杰','','ok','2017-06-08 19:28:01','2017-06-08 19:28:01',0),(1060,164,'startassemble','开始生产',0,'2017-06-08 15:29:00','','38','','','','2017-06-08 15:29:40','2017-06-08 15:29:40',0),(1061,138,'dimmingretest','TC后复测',0,'2017-06-08 19:24:59','','43','','dimming/138/43/1496921097593.jpg','正常','2017-06-08 19:24:59','2017-06-08 19:24:59',0),(1059,138,'dimming','UV复测后TC老化',0,'2017-06-08 15:23:45','','45','',NULL,'正常','2017-06-08 15:23:45','2017-06-08 15:23:45',0),(1058,138,'uvretest','UV+复测',0,'2017-06-08 15:15:13','','43','','dimming/138/43/1496906112039.jpg','正常','2017-06-08 15:15:13','2017-06-08 15:15:13',0),(1056,162,'preassemble','预组装',0,'2017-06-08 11:55:36','','40','班小兰','','已完成','2017-06-08 11:55:36','2017-06-08 11:55:36',0),(1057,138,'poireceive','点接收+复测',0,'2017-06-08 15:14:55','','43','卢良山、熊光伟','dimming/138/43/1496906089849.jpg','正常','2017-06-08 15:14:55','2017-06-08 15:14:55',0),(1055,163,'preassemble','预组装',0,'2017-06-08 11:55:20','','40','班小兰','','已完成','2017-06-08 11:55:20','2017-06-08 11:55:20',0),(1054,163,'startassemble','开始生产',0,'2017-06-08 10:44:00','','38','','','','2017-06-08 11:50:18','2017-06-08 11:50:18',0),(1053,162,'startassemble','开始生产',0,'2017-06-08 10:42:00','','38','','','','2017-06-08 11:43:12','2017-06-08 11:43:12',0),(1052,160,'preassemble','预组装',0,'2017-06-08 11:32:06','','40','班小兰','','已完成','2017-06-08 11:32:06','2017-06-08 11:32:06',0),(1051,161,'preassemble','预组装',0,'2017-06-08 11:31:49','','40','班小兰','','已完成','2017-06-08 11:31:49','2017-06-08 11:31:49',0),(1049,139,'agingtest','老化测试',0,'2017-06-08 10:18:25','','44','','','正常','2017-06-08 10:18:25','2017-06-08 10:18:25',0),(1050,135,'evaluation','产品评估',0,'2017-06-08 10:19:52','','53','',NULL,'测距性能优异 ，近距离饱和测距有四通道','2017-06-08 10:19:52','2017-06-08 10:19:52',0),(1048,139,'static','标静态量',0,'2017-06-08 10:18:19','','44','郑文杰','dimming/139/44/1496888274159.jpg','正常','2017-06-08 10:18:19','2017-06-08 10:18:19',0),(1047,139,'reflectivity','标反射率',0,'2017-06-08 10:16:25','','44','郑文杰','dimming/139/44/1496888132417.jpg|dimming/139/44/1496888132414.jpg','正常','2017-06-08 10:16:25','2017-06-08 10:16:25',0),(1046,139,'assembly','总装',0,'2017-06-08 10:13:36','','44','','','正常','2017-06-08 10:13:36','2017-06-08 10:13:36',0),(1045,139,'dynbalance','动平衡',0,'2017-06-08 10:13:28','','44','','','正常','2017-06-08 10:13:28','2017-06-08 10:13:28',0),(1044,152,'adjreflector','调小反射镜',0,'2017-06-07 18:55:43','','42','','','正常','2017-06-07 18:55:43','2017-06-07 18:55:43',0),(1043,150,'poireflector','点小反射镜',0,'2017-06-07 18:49:22','','42','','','正常','2017-06-07 18:49:22','2017-06-07 18:49:22',0),(1042,149,'poireflector','点小反射镜',0,'2017-06-07 18:47:38','','42','','','正常','2017-06-07 18:47:38','2017-06-07 18:47:38',0),(1041,139,'dimmingretest','TC后复测',0,'2017-06-07 18:45:30','','42','','dimming/139/42/1496832320157.jpg','正常','2017-06-07 18:45:30','2017-06-07 18:45:30',0),(1040,104,'stop','吴熙龙 停止了该机生产',1,'2017-06-07 17:51:53','','38','','','','2017-06-07 17:51:53','2017-06-07 17:51:53',0),(1039,132,'stop','吴熙龙 停止了该机生产',1,'2017-06-07 17:50:09','','38','','','','2017-06-07 17:50:09','2017-06-07 17:50:09',0),(1029,141,'uvretest','UV+复测',0,'2017-06-07 11:48:54','','42','','dimming/141/42/1496807249554.jpg','正常','2017-06-07 11:48:54','2017-06-07 11:48:54',0),(1030,159,'startassemble','开始生产',0,'2017-06-07 00:00:00','','1','','','','2017-06-07 14:06:34','2017-06-07 14:06:34',0),(1031,160,'startassemble','开始生产',0,'2017-06-07 09:10:00','','38','','','','2017-06-07 14:11:37','2017-06-07 14:11:37',0),(1032,161,'startassemble','开始生产',0,'2017-06-07 14:12:00','','38','','','','2017-06-07 14:13:09','2017-06-07 14:13:09',0),(1033,143,'poiemission','点发射',0,'2017-06-07 14:39:08','','41','邱恒丰，黄闯','','正常','2017-06-07 14:39:08','2017-06-07 14:39:08',0),(1034,104,'poiemission','点发射',0,'2017-06-07 14:39:41','','41','赵宇航','','正常','2017-06-07 14:39:41','2017-06-07 14:39:41',0),(1035,143,'poiemitc','点发射完TC',0,'2017-06-07 14:42:43','','45','',NULL,'正常','2017-06-07 14:42:43','2017-06-07 14:42:43',0),(1036,104,'poiemitc','点发射完TC',0,'2017-06-07 14:43:04','','45','',NULL,'正常','2017-06-07 14:43:04','2017-06-07 14:43:04',0),(1037,104,'poireceive','点接收+复测',1,'2017-06-07 17:45:40','','41','赵宇航','dimming/104/41/1496828725936.jpg','发射TC完信号下降幅度大，换接收板没用。03版结构件。','2017-06-07 17:45:40','2017-06-07 17:45:40',0),(1038,139,'dimming','UV复测后TC老化',0,'2017-06-07 17:47:01','','45','',NULL,'正常','2017-06-07 17:47:01','2017-06-07 17:47:01',0),(1023,128,'deliver','交付市场',0,'2017-06-07 11:04:41','','53','',NULL,'交付Mark','2017-06-07 11:04:41','2017-06-07 11:04:41',0),(1024,140,'evaluation','产品评估',0,'2017-06-07 11:11:36','','53','',NULL,'新版固件噪点出现概率低','2017-06-07 11:11:36','2017-06-07 11:11:36',0),(1025,140,'deliver','交付市场',0,'2017-06-07 11:11:48','','53','',NULL,'交付Mark','2017-06-07 11:11:48','2017-06-07 11:11:48',0),(1026,139,'poireceive','点接收+复测',0,'2017-06-07 11:44:47','','42','','dimming/139/42/1496806971750.jpg','正常','2017-06-07 11:44:47','2017-06-07 11:44:47',0),(1027,139,'uvretest','UV+复测',0,'2017-06-07 11:46:23','','42','','dimming/139/42/1496807101288.jpg','正常','2017-06-07 11:46:23','2017-06-07 11:46:23',0),(1028,141,'poireceive','点接收+复测',0,'2017-06-07 11:47:14','','42','','dimming/141/42/1496807198418.jpg','正常','2017-06-07 11:47:14','2017-06-07 11:47:14',0),(1022,128,'evaluation','产品评估',0,'2017-06-07 11:04:30','','53','',NULL,'新固件噪点产生概率较高','2017-06-07 11:04:30','2017-06-07 11:04:30',0),(1021,121,'deliver','交付市场',0,'2017-06-07 11:03:53','','53','',NULL,'交付Mark','2017-06-07 11:03:53','2017-06-07 11:03:53',0),(1020,121,'evaluation','产品评估',0,'2017-06-07 11:03:25','','53','',NULL,'新固件噪点产生概率较低','2017-06-07 11:03:25','2017-06-07 11:03:25',0),(1019,140,'evaluation','产品评估',1,'2017-06-07 11:03:08','','53','','','U3通道接触不良，掰弯处理','2017-06-07 11:03:08','2017-06-07 11:03:08',0),(1018,129,'deliver','交付市场',0,'2017-06-07 11:01:48','','53','',NULL,'交付Mark','2017-06-07 11:01:48','2017-06-07 11:01:48',0),(1016,135,'agingtest','老化测试',0,'2017-06-07 01:35:50','','44','','','正常','2017-06-07 01:35:50','2017-06-07 01:35:50',0),(1017,129,'evaluation','产品评估',0,'2017-06-07 11:00:56','','53','',NULL,'新版固件路测噪点出现概率较低','2017-06-07 11:00:56','2017-06-07 11:00:56',0),(1015,140,'agingtest','老化测试',0,'2017-06-06 22:15:36','','44','','','正常','2017-06-06 22:15:36','2017-06-06 22:15:36',0),(1013,135,'static','标静态量',0,'2017-06-06 21:52:13','','44','','dimming/135/44/1496757121614.jpg','正常','2017-06-06 21:52:13','2017-06-06 21:52:13',0),(1014,140,'receive','张腾 领取了机子',0,'2017-06-06 22:14:30','','53','','','','2017-06-06 22:14:30','2017-06-06 22:14:30',0),(998,135,'dimmingretest','TC后复测',0,'2017-06-06 10:41:36','','42','','dimming/135/42/1496716827996.jpg','正常','2017-06-06 10:41:36','2017-06-06 10:41:36',0),(1011,135,'assembly','总装',0,'2017-06-06 21:41:03','','44','','','正常','2017-06-06 21:41:03','2017-06-06 21:41:03',0),(1012,135,'reflectivity','标反射率',0,'2017-06-06 21:51:45','','44','','dimming/135/44/1496757085152.jpg|dimming/135/44/1496757085143.jpg','正常','2017-06-06 21:51:45','2017-06-06 21:51:45',0),(997,138,'poiemitc','点发射完TC',0,'2017-06-06 09:15:53','','45','',NULL,'正常','2017-06-06 09:15:53','2017-06-06 09:15:53',0),(996,144,'poiemitc','点发射完TC',0,'2017-06-06 09:15:40','','45','',NULL,'正常','2017-06-06 09:15:40','2017-06-06 09:15:40',0),(995,135,'dimming','UV复测后TC老化',0,'2017-06-06 09:15:24','','45','',NULL,'正常','2017-06-06 09:15:24','2017-06-06 09:15:24',0),(990,151,'adjreflector','调小反射镜',0,'2017-06-05 21:12:51','','42','','','正常','2017-06-05 21:12:51','2017-06-05 21:12:51',0),(991,150,'adjreflector','调小反射镜',0,'2017-06-05 21:13:08','','42','','','正常','2017-06-05 21:13:08','2017-06-05 21:13:08',0),(992,140,'assembly','总装',0,'2017-06-05 22:57:18','','44','','','正常','2017-06-05 22:57:18','2017-06-05 22:57:18',0),(993,140,'reflectivity','标反射率',0,'2017-06-05 22:59:51','','44','郑文杰','dimming/140/44/1496674772409.jpg|dimming/140/44/1496674772385.jpg','正常','2017-06-05 22:59:51','2017-06-05 22:59:51',0),(994,140,'static','标静态量',0,'2017-06-05 23:01:18','','44','郑文杰','dimming/140/44/1496674865198.jpg','正常','2017-06-05 23:01:18','2017-06-05 23:01:18',0),(988,140,'dynbalance','动平衡',0,'2017-06-05 21:03:12','','45','',NULL,'正常','2017-06-05 21:03:12','2017-06-05 21:03:12',0),(989,132,'poiemission','点发射',1,'2017-06-05 21:03:30','','41','杨莹','','6月3日和5日两次验证信号差异大','2017-06-05 21:03:30','2017-06-05 21:03:30',0),(987,132,'poiemission','点发射',0,'2017-06-05 21:03:01','','41','杨莹','','6月3日和5日两次验证信号差异大','2017-06-05 21:03:01','2017-06-05 21:03:04',1),(985,144,'poiemission','点发射',0,'2017-06-05 21:00:23','','41','王云徽','','正常','2017-06-05 21:00:23','2017-06-05 21:00:23',0),(986,138,'poiemission','点发射',0,'2017-06-05 21:00:56','','41','熊光伟，卢良山','','正常','2017-06-05 21:00:56','2017-06-05 21:00:56',0),(1092,108,'deliver','交付使用',0,'2017-06-09 18:04:52','','53','',NULL,'交付文旭','2017-06-09 18:04:52','2017-06-09 18:04:52',0),(1091,108,'evaluation','产品评估',0,'2017-06-09 18:04:33','','53','',NULL,'声音稍大，无其他异常','2017-06-09 18:04:33','2017-06-09 18:04:33',0),(1090,135,'deliver','交付使用',0,'2017-06-09 18:00:44','','53','',NULL,'交付北联大','2017-06-09 18:00:44','2017-06-09 18:00:44',0),(1094,166,'startassemble','开始生产',0,'2017-06-09 18:59:00','','3','','','','2017-06-09 18:59:32','2017-06-09 18:59:32',0),(1095,166,'preassemble','预组装',0,'2017-06-09 19:00:00','','3','',NULL,'正常','2017-06-09 19:00:00','2017-06-09 19:00:00',0),(1096,166,'adjreflector','调小反射镜',0,'2017-06-09 19:00:06','','3','',NULL,'正常','2017-06-09 19:00:06','2017-06-09 19:00:06',0),(1097,166,'poireflector','点小反射镜',0,'2017-06-09 19:00:11','','3','',NULL,'正常','2017-06-09 19:00:11','2017-06-09 19:00:11',0),(1098,166,'poiemission','点发射',0,'2017-06-09 19:00:13','','3','',NULL,'正常','2017-06-09 19:00:13','2017-06-09 19:00:13',0),(1099,166,'poiemitc','点发射完TC',0,'2017-06-09 19:00:15','','3','',NULL,'正常','2017-06-09 19:00:15','2017-06-09 19:00:15',0),(1100,166,'poireceive','点接收+复测',0,'2017-06-09 19:00:20','','3','',NULL,'正常','2017-06-09 19:00:20','2017-06-09 19:00:20',0),(1101,166,'uvretest','UV+复测',0,'2017-06-09 19:00:25','','3','',NULL,'正常','2017-06-09 19:00:25','2017-06-09 19:00:25',0),(1102,166,'dimming','UV复测后TC老化',0,'2017-06-09 19:00:31','','3','',NULL,'正常','2017-06-09 19:00:31','2017-06-09 19:00:31',0),(1103,166,'dimmingretest','TC后复测',0,'2017-06-09 19:03:32','','3','','dimming/166/3/1497006209440.jpg','正常','2017-06-09 19:03:32','2017-06-09 19:03:32',0),(1104,166,'dynbalance','动平衡',0,'2017-06-09 19:03:37','','3','',NULL,'正常','2017-06-09 19:03:37','2017-06-09 19:03:37',0),(1105,166,'assembly','总装',0,'2017-06-09 19:03:40','','3','',NULL,'正常','2017-06-09 19:03:40','2017-06-09 19:03:40',0),(1106,166,'reflectivity','标反射率',0,'2017-06-09 19:03:50','','3','','dimming/166/3/1497006229225.jpg','正常','2017-06-09 19:03:50','2017-06-09 19:03:50',0),(1107,166,'static','标静态量',0,'2017-06-09 19:03:53','','3','',NULL,'正常','2017-06-09 19:03:53','2017-06-09 19:03:53',0),(1108,166,'agingtest','老化测试',0,'2017-06-09 19:03:56','','3','',NULL,'正常','2017-06-09 19:03:56','2017-06-09 19:03:56',0),(1109,166,'evaluation','产品评估',0,'2017-06-09 19:03:58','','3','',NULL,'正常','2017-06-09 19:03:58','2017-06-09 19:03:58',0),(1110,166,'deliver','交付使用',0,'2017-06-09 19:04:16','','3','',NULL,'哥哥','2017-06-09 19:04:16','2017-06-09 19:04:16',0),(1111,144,'poireceive','点接收+复测',0,'2017-06-09 21:03:35','','41','王云徽，龙洁','dimming/144/41/1497013403959.jpg','正常','2017-06-09 21:03:35','2017-06-09 21:04:19',1),(1112,139,'evaluation','产品评估',1,'2017-06-10 00:08:45','','53','张腾',NULL,'异响被处理，但未找到真实原因','2017-06-10 00:08:45','2017-06-10 00:08:45',0),(1113,138,'reflectivity','标反射率',0,'2017-06-10 00:08:47','','44','郑文杰','dimming/138/44/1497024522931.jpg|dimming/138/44/1497024522903.jpg','正常','2017-06-10 00:08:47','2017-06-10 00:08:47',0),(1114,138,'static','标静态量',0,'2017-06-10 00:08:54','','44','','','正常','2017-06-10 00:08:54','2017-06-10 00:08:54',0),(1115,138,'agingtest','老化测试',0,'2017-06-10 00:09:01','','44','','','正常','2017-06-10 00:09:01','2017-06-10 00:09:01',0),(1116,134,'evaluation','产品评估',1,'2017-06-10 00:09:58','','53','张腾',NULL,'存在低噪异常，已交雷达组','2017-06-10 00:09:58','2017-06-10 00:09:58',0),(1117,138,'evaluation','产品评估',1,'2017-06-10 00:10:36','','53','张腾',NULL,'异响被处理','2017-06-10 00:10:36','2017-06-10 00:10:36',0),(1118,109,'evaluation','产品评估',0,'2017-06-10 00:52:50','','53','',NULL,'作为内部研发机使用','2017-06-10 00:52:50','2017-06-10 00:52:50',0),(1119,109,'deliver','交付使用',0,'2017-06-10 00:53:52','','53','',NULL,'内部研发测试机使用','2017-06-10 00:53:52','2017-06-10 00:53:52',0),(1120,167,'startassemble','开始生产',0,'2017-06-10 09:08:00','','38','','','','2017-06-10 09:09:49','2017-06-10 09:09:49',0),(1121,141,'dimming','UV复测后TC老化',0,'2017-06-10 13:52:52','','45','',NULL,'正常','2017-06-10 13:52:52','2017-06-10 13:52:52',0),(1122,167,'preassemble','预组装',0,'2017-06-10 15:06:51','','40','班小兰','','已完成','2017-06-10 15:06:51','2017-06-10 15:06:51',0),(1123,164,'preassemble','预组装',0,'2017-06-10 15:07:12','','40','班小兰','','已完成','2017-06-10 15:07:12','2017-06-10 15:07:12',0),(1124,141,'dimmingretest','TC后复测',1,'2017-06-10 18:46:38','','42','','dimming/141/42/1497091590348.jpg','Tc后U路数据掉很多','2017-06-10 18:46:38','2017-06-10 18:46:38',0),(1125,150,'poiemission','点发射',0,'2017-06-10 18:47:43','','42','','','正常','2017-06-10 18:47:43','2017-06-10 18:47:43',0),(1126,149,'poiemission','点发射',0,'2017-06-10 18:48:06','','42','','','正常','2017-06-10 18:48:06','2017-06-10 18:48:06',0),(1127,152,'poireflector','点小反射镜',0,'2017-06-10 18:48:17','','42','','','正常','2017-06-10 18:48:17','2017-06-10 18:48:17',0),(1128,152,'poiemission','点发射',0,'2017-06-10 18:48:25','','42','','','正常','2017-06-10 18:48:25','2017-06-10 18:48:25',0),(1129,151,'poireflector','点小反射镜',0,'2017-06-10 18:48:35','','42','','','正常','2017-06-10 18:48:35','2017-06-10 18:48:35',0),(1130,151,'poiemission','点发射',0,'2017-06-10 18:48:40','','42','','','正常','2017-06-10 18:48:40','2017-06-10 18:48:40',0),(1131,161,'adjreflector','调小反射镜',0,'2017-06-10 18:48:48','','42','','','正常','2017-06-10 18:48:48','2017-06-10 18:48:48',0),(1132,161,'poireflector','点小反射镜',0,'2017-06-10 18:48:54','','42','','','正常','2017-06-10 18:48:54','2017-06-10 18:48:54',0),(1133,161,'poiemission','点发射',0,'2017-06-10 18:49:02','','42','','','正常','2017-06-10 18:49:02','2017-06-10 18:49:02',0),(1134,153,'adjreflector','调小反射镜',0,'2017-06-10 18:49:09','','42','','','正常','2017-06-10 18:49:09','2017-06-10 18:49:09',0),(1135,153,'poireflector','点小反射镜',0,'2017-06-10 18:49:18','','42','','','正常','2017-06-10 18:49:18','2017-06-10 18:49:18',0),(1136,164,'adjreflector','调小反射镜',0,'2017-06-10 18:49:32','','42','','','正常','2017-06-10 18:49:32','2017-06-10 18:49:32',0),(1137,144,'poireceive','点接收+复测',0,'2017-06-10 21:15:07','','41','王云徽','dimming/144/41/1497100506424.jpg','正常','2017-06-10 21:15:07','2017-06-10 21:15:07',0),(1138,144,'uvretest','UV+复测',0,'2017-06-10 21:15:43','','41','王云徽','dimming/144/41/1497100522656.jpg','正常','2017-06-10 21:15:43','2017-06-10 21:15:43',0),(1139,160,'adjreflector','调小反射镜',0,'2017-06-10 21:16:38','','41','赵宇航','','正常','2017-06-10 21:16:38','2017-06-10 21:16:38',0),(1140,144,'dimming','UV复测后TC老化',0,'2017-06-10 21:18:37','','44','','','正常','2017-06-10 21:18:37','2017-06-10 21:18:59',1),(1141,163,'adjreflector','调小反射镜',0,'2017-06-10 21:20:42','','41','','','正常','2017-06-10 21:20:42','2017-06-10 21:20:44',1),(1142,163,'adjreflector','调小反射镜',0,'2017-06-10 21:20:52','','41','卢良山，吴杭','','正常','2017-06-10 21:20:52','2017-06-10 21:20:52',0),(1143,144,'dimming','UV复测后TC老化',0,'2017-06-10 21:22:51','','45','',NULL,'正常','2017-06-10 21:22:51','2017-06-10 21:22:51',0),(1144,144,'dimmingretest','TC后复测',0,'2017-06-10 21:24:42','','41','王云徽','dimming/144/41/1497101081743.jpg','正常','2017-06-10 21:24:42','2017-06-10 21:24:42',0),(1145,144,'dynbalance','动平衡',0,'2017-06-10 21:35:00','','45','',NULL,'正常','2017-06-10 21:35:00','2017-06-10 21:35:00',0),(1146,144,'assembly','总装',0,'2017-06-10 21:35:05','','45','',NULL,'正常','2017-06-10 21:35:05','2017-06-10 21:35:05',0),(1147,144,'reflectivity','标反射率',0,'2017-06-11 11:31:42','','44','郑文杰','dimming/144/44/1497151902174.jpg|dimming/144/44/1497151902176.jpg','正常','2017-06-11 11:31:42','2017-06-11 11:31:42',0),(1148,144,'static','标静态量',0,'2017-06-11 11:31:53','','44','','dimming/144/44/1497151912638.jpg','正常','2017-06-11 11:31:53','2017-06-11 11:31:53',0),(1149,143,'poireceive','点接收+复测',0,'2017-06-11 16:15:52','','43','邱恒丰','dimming/143/43/1497168950195.jpg','正常','2017-06-11 16:15:52','2017-06-11 16:15:52',0),(1150,143,'uvretest','UV+复测',0,'2017-06-11 16:16:13','','43','邱恒丰','dimming/143/43/1497168971424.jpg','正常','2017-06-11 16:16:13','2017-06-11 16:16:13',0),(1151,143,'dimming','UV复测后TC老化',0,'2017-06-11 16:37:25','','45','',NULL,'正常','2017-06-11 16:37:25','2017-06-11 16:37:25',0),(1152,143,'dimmingretest','TC后复测',0,'2017-06-11 16:39:15','','43','邱恒丰','dimming/143/43/1497170352946.jpg','正常','2017-06-11 16:39:15','2017-06-11 16:39:15',0),(1153,143,'dynbalance','动平衡',0,'2017-06-12 09:08:17','','45','',NULL,'正常','2017-06-12 09:08:17','2017-06-12 09:08:17',0),(1154,144,'receive','张腾 领取了机子',0,'2017-06-12 13:24:31','','53','','','','2017-06-12 13:24:31','2017-06-12 13:24:31',0),(1309,179,'poireceive','点接收+复测',0,'2017-06-15 10:05:09','','2','后期生成','','正常','2017-05-12 14:01:44','2017-05-12 14:01:44',0),(1308,179,'poiemitc','点发射完TC',0,'2017-06-15 10:04:59','','2','后期生成','','正常','2017-05-12 14:01:44','2017-05-12 14:01:44',0),(1157,144,'agingtest','老化测试',0,'2017-06-12 14:16:02','','44','','','正常','2017-06-12 14:16:02','2017-06-12 14:16:02',0),(1158,143,'assembly','总装',0,'2017-06-12 16:43:18','','47','','','ok','2017-06-12 16:43:18','2017-06-12 16:43:18',0),(1159,143,'reflectivity','标反射率',0,'2017-06-12 16:44:18','','47','','dimming/143/47/1497257011548.jpg|dimming/143/47/1497257011601.jpg','正常','2017-06-12 16:44:18','2017-06-12 16:44:18',0),(1160,143,'static','标静态量',0,'2017-06-12 16:44:43','','47','','','ok','2017-06-12 16:44:43','2017-06-12 16:44:43',0),(1161,150,'poiemitc','点发射完TC',0,'2017-06-12 18:42:35','','45','',NULL,'正常','2017-06-12 18:42:35','2017-06-12 18:42:35',0),(1162,143,'agingtest','老化测试',0,'2017-06-12 18:42:47','','47','','','ok','2017-06-12 18:42:47','2017-06-12 18:42:47',0),(1163,150,'poireceive','点接收+复测',0,'2017-06-12 18:53:43','','42','','dimming/150/42/1497264800781.jpg','正常','2017-06-12 18:53:43','2017-06-12 18:53:43',0),(1164,150,'uvretest','UV+复测',0,'2017-06-12 18:54:27','','42','','dimming/150/42/1497264837429.jpg','正常','2017-06-12 18:54:27','2017-06-12 18:54:27',0),(1166,150,'dimming','UV复测后TC老化',0,'2017-06-12 18:56:28','','45','',NULL,'正常','2017-06-12 18:56:28','2017-06-12 18:56:28',0),(1167,150,'dimmingretest','TC后复测',0,'2017-06-12 18:58:36','','42','段志胜','dimming/150/42/1497265087337.jpg','正常','2017-06-12 18:58:36','2017-06-12 18:58:36',0),(1168,164,'poireflector','点小反射镜',1,'2017-06-12 18:59:41','','42','','','光斑变形倾斜己拿回','2017-06-12 18:59:41','2017-06-12 18:59:41',0),(1169,160,'poireflector','点小反射镜',0,'2017-06-12 19:02:24','','41','赵宇航','','正常','2017-06-12 19:02:24','2017-06-12 19:02:24',0),(1170,150,'dynbalance','动平衡',0,'2017-06-12 19:02:56','','45','',NULL,'正常','2017-06-12 19:02:56','2017-06-12 19:02:56',0),(1171,121,'backto evaluation','回退到 产品评估 环节',1,'2017-06-12 19:06:51','','53','','','电源接触不良，退回修复重新评估','2017-06-12 19:06:51','2017-06-12 19:06:51',0),(1307,179,'poiemission','点发射',0,'2017-06-15 10:04:50','','2','后期生成','','正常','2017-05-12 14:01:44','2017-05-12 14:01:44',0),(1306,179,'poireflector','点小反射镜',0,'2017-06-15 10:04:43','','2','后期生成','','正常','2017-05-12 14:01:44','2017-05-12 14:01:44',0),(1174,163,'poireflector','点小反射镜',0,'2017-06-12 19:10:22','','41','卢良山，吴杭','','正常','2017-06-12 19:10:22','2017-06-12 19:10:22',0),(1176,167,'adjreflector','调小反射镜',0,'2017-06-12 19:13:12','','41','王云徽','','正常','2017-06-12 19:13:12','2017-06-12 19:13:12',0),(1305,179,'adjreflector','调小反射镜',0,'2017-06-15 10:04:36','','2','后期生成','','正常','2017-05-12 14:01:44','2017-05-12 14:01:44',0),(1178,169,'startassemble','开始生产',0,'2017-06-12 09:00:00','','38','','','','2017-06-12 19:25:21','2017-06-12 19:25:21',0),(1179,170,'startassemble','开始生产',0,'2017-06-12 09:00:00','','38','','','','2017-06-12 19:26:01','2017-06-12 19:26:01',0),(1180,137,'backto preassemble','回退到 预组装 环节',1,'2017-06-12 19:27:29','','38','','','重装生产','2017-06-12 19:27:29','2017-06-12 19:27:29',0),(1304,179,'preassemble','预组装',0,'2017-06-15 10:04:26','','2','后期生成','','正常','2017-05-12 14:01:44','2017-05-12 14:01:44',0),(1303,179,'startassemble','开始生产',0,'2017-06-15 00:00:00','','2','','','','2017-05-12 14:01:44','2017-05-12 14:01:44',0),(1183,170,'preassemble','预组装',0,'2017-06-12 20:04:46','','40','班小兰','','已完成','2017-06-12 20:04:46','2017-06-12 20:04:46',0),(1184,169,'preassemble','预组装',0,'2017-06-12 20:05:08','','40','班小兰','','已完成','2017-06-12 20:05:08','2017-06-12 20:05:08',0),(1185,137,'preassemble','预组装',0,'2017-06-12 20:05:26','','40','班小兰','','已完成','2017-06-12 20:05:26','2017-06-12 20:05:26',0),(1186,153,'poiemission','点发射',0,'2017-06-12 20:06:25','','42','谢鹏飞','','正常','2017-06-12 20:06:25','2017-06-12 20:06:25',0),(1187,169,'adjreflector','调小反射镜',0,'2017-06-12 20:06:45','','42','','','正常','2017-06-12 20:06:45','2017-06-12 20:06:45',0),(1188,161,'poiemitc','点发射完TC',0,'2017-06-12 20:08:55','','45','曾晓波',NULL,'正常','2017-06-12 20:08:55','2017-06-12 20:08:55',0),(1189,151,'poiemitc','点发射完TC',0,'2017-06-12 20:09:19','','45','曾晓波',NULL,'正常','2017-06-12 20:09:19','2017-06-12 20:09:19',0),(1190,149,'poiemitc','点发射完TC',0,'2017-06-12 20:09:36','','45','曾晓波',NULL,'正常','2017-06-12 20:09:36','2017-06-12 20:09:36',0),(1191,150,'assembly','总装',0,'2017-06-12 21:09:32','','47','','','ok','2017-06-12 21:09:32','2017-06-12 21:09:32',0),(1192,150,'reflectivity','标反射率',0,'2017-06-12 21:10:40','','47','','dimming/150/47/1497273014039.jpg|dimming/150/47/1497273014065.jpg','正常','2017-06-12 21:10:40','2017-06-12 21:10:40',0),(1193,150,'static','标静态量',0,'2017-06-12 21:10:50','','47','','','ok','2017-06-12 21:10:50','2017-06-12 21:10:50',0),(1194,150,'agingtest','老化测试',0,'2017-06-12 21:11:29','','47','','','ok','2017-06-12 21:11:29','2017-06-12 21:11:29',0),(1195,153,'poiemitc','点发射完TC',0,'2017-06-13 09:04:52','','45','曾晓波',NULL,'TC完成','2017-06-13 09:04:52','2017-06-13 09:04:52',0),(1196,152,'poiemitc','点发射完TC',0,'2017-06-13 09:05:15','','45','曾晓波',NULL,'正常','2017-06-13 09:05:15','2017-06-13 09:05:15',0),(1197,152,'poireceive','点接收+复测',1,'2017-06-13 09:07:13','','42','孙中将','','TC后验证U3漏光，拿回处理时把反射镜动了','2017-06-13 09:07:13','2017-06-13 09:07:13',0),(1198,151,'poireceive','点接收+复测',0,'2017-06-13 12:35:51','','42','洪仕钦','dimming/151/42/1497328491119.jpg','正常','2017-06-13 12:35:51','2017-06-13 12:35:51',0),(1199,151,'uvretest','UV+复测',0,'2017-06-13 12:37:19','','42','洪仕钦','dimming/151/42/1497328595011.jpg','正常','2017-06-13 12:37:19','2017-06-13 12:37:19',0),(1200,149,'poireceive','点接收+复测',0,'2017-06-13 12:38:29','','42','陈娟','dimming/149/42/1497328672507.jpg','正常','2017-06-13 12:38:29','2017-06-13 12:38:29',0),(1201,149,'uvretest','UV+复测',0,'2017-06-13 12:39:30','','42','陈娟','dimming/149/42/1497328740411.jpg','正常','2017-06-13 12:39:30','2017-06-13 12:39:30',0),(1202,151,'dimming','UV复测后TC老化',0,'2017-06-13 12:42:16','','45','曾晓波',NULL,'正常','2017-06-13 12:42:16','2017-06-13 12:42:16',0),(1203,149,'dimming','UV复测后TC老化',0,'2017-06-13 12:42:35','','45','曾晓波',NULL,'正常','2017-06-13 12:42:35','2017-06-13 12:42:35',0),(1204,171,'startassemble','开始生产',0,'2017-06-13 09:00:00','','38','','','','2017-06-13 14:01:01','2017-06-13 14:01:01',0),(1205,172,'startassemble','开始生产',0,'2017-06-13 09:00:00','','38','','','','2017-06-13 14:01:44','2017-06-13 14:01:44',0),(1206,173,'startassemble','开始生产',0,'2017-06-13 09:00:00','','38','','','','2017-06-13 14:04:41','2017-06-13 14:04:41',0),(1207,174,'startassemble','开始生产',0,'2017-06-13 09:00:00','','38','','','','2017-06-13 14:06:43','2017-06-13 14:06:43',0),(1208,174,'preassemble','预组装',0,'2017-06-13 14:18:48','','40','班小兰','','已完成','2017-06-13 14:18:48','2017-06-13 14:18:48',0),(1209,173,'preassemble','预组装',0,'2017-06-13 14:19:01','','40','班小兰','','已完成','2017-06-13 14:19:01','2017-06-13 14:19:01',0),(1210,172,'preassemble','预组装',0,'2017-06-13 14:19:14','','40','班小兰','','已完成','2017-06-13 14:19:14','2017-06-13 14:19:14',0),(1211,171,'preassemble','预组装',0,'2017-06-13 14:19:27','','40','班小兰','','已完成','2017-06-13 14:19:27','2017-06-13 14:19:27',0),(1212,151,'dimmingretest','TC后复测',0,'2017-06-13 18:19:30','','42','洪仕钦','dimming/151/42/1497349162424.jpg','正常','2017-06-13 18:19:30','2017-06-13 18:19:30',0),(1213,149,'dimmingretest','TC后复测',0,'2017-06-13 18:20:09','','42','陈娟','dimming/149/42/1497349202708.jpg','正常','2017-06-13 18:20:09','2017-06-13 18:20:09',0),(1214,170,'adjreflector','调小反射镜',0,'2017-06-13 18:22:41','','42','黄朝富','','正常','2017-06-13 18:22:41','2017-06-13 18:22:41',0),(1215,172,'adjreflector','调小反射镜',0,'2017-06-13 19:04:14','','41','龙洁','','正常','2017-06-13 19:04:14','2017-06-13 19:04:14',0),(1216,151,'dynbalance','动平衡',0,'2017-06-13 19:05:37','','45','曾晓波',NULL,'正常','2017-06-13 19:05:37','2017-06-13 19:05:37',0),(1217,149,'dynbalance','动平衡',0,'2017-06-13 19:05:51','','45','曾晓波',NULL,'正常','2017-06-13 19:05:51','2017-06-13 19:05:51',0),(1302,177,'preassemble','预组装',0,'2017-06-15 09:52:17','','40','班小兰','','已完成','2017-06-15 09:52:17','2017-06-15 09:52:17',0),(1301,178,'preassemble','预组装',0,'2017-06-15 09:51:54','','40','班小兰','','已完成','2017-06-15 09:51:54','2017-06-15 09:51:54',0),(1221,150,'remarks','备注：vvv',0,'2017-06-13 20:22:08','','1','','','','2017-06-13 20:22:08','2017-06-13 20:22:08',0),(1223,149,'assembly','总装',0,'2017-06-13 21:57:30','','47','郑文杰','','ok','2017-06-13 21:57:30','2017-06-13 21:57:30',0),(1224,149,'reflectivity','标反射率',0,'2017-06-13 21:58:02','','47','郑文杰','dimming/149/47/1497362268103.jpg|dimming/149/47/1497362268062.jpg','正常','2017-06-13 21:58:02','2017-06-13 21:58:02',0),(1225,149,'static','标静态量',0,'2017-06-13 21:58:25','','47','郑文杰','','ok','2017-06-13 21:58:25','2017-06-13 21:58:25',0),(1226,151,'assembly','总装',1,'2017-06-13 22:31:50','','44','李飞','dimming/151/44/1497364297875.jpg','已换主板2块，现象一样，龙工确认U0通道故障','2017-06-13 22:31:50','2017-06-13 22:31:50',0),(1227,167,'poireflector','点小反射镜',0,'2017-06-14 00:05:36','','41','王云徽','','正常','2017-06-14 00:05:36','2017-06-14 00:05:36',0),(1228,160,'poiemission','点发射',0,'2017-06-14 00:06:07','','41','赵宇航','','正常','2017-06-14 00:06:07','2017-06-14 00:06:07',0),(1229,125,'adjreflector','调小反射镜',0,'2017-06-14 00:06:29','','41','王水艳','','正常','2017-06-14 00:06:29','2017-06-14 00:06:29',0),(1230,125,'poireflector','点小反射镜',0,'2017-06-14 00:06:34','','41','王水艳','','正常','2017-06-14 00:06:34','2017-06-14 00:06:34',0),(1231,125,'poiemission','点发射',0,'2017-06-14 00:06:39','','41','王水艳','','正常','2017-06-14 00:06:39','2017-06-14 00:06:39',0),(1300,141,'backto poireceive','回退到 点接收+复测 环节',1,'2017-06-15 09:39:54','','38','','','TC后変化，拆接收装滤波片重调','2017-06-15 09:39:54','2017-06-15 09:39:54',0),(1299,160,'poiemitc','点发射完TC',0,'2017-06-15 09:31:27','','45','曾晓波',NULL,'正常','2017-06-15 09:31:27','2017-06-15 09:31:27',0),(1298,125,'poiemitc','点发射完TC',0,'2017-06-15 09:30:50','','45','曾晓波',NULL,'正常','2017-06-15 09:30:50','2017-06-15 09:30:50',0),(1297,178,'startassemble','开始生产',0,'2017-06-15 09:04:00','','38','','','','2017-06-15 09:04:30','2017-06-15 09:04:30',0),(1296,169,'poiemitc','点发射完TC',0,'2017-06-15 09:03:44','','45','曾晓波',NULL,'正常','2017-06-15 09:03:44','2017-06-15 09:03:44',0),(1295,177,'startassemble','开始生产',0,'2017-06-15 09:02:00','','38','','','','2017-06-15 09:03:40','2017-06-15 09:03:40',0),(1294,173,'adjreflector','调小反射镜',0,'2017-06-15 08:31:45','','42','洪仕钦','','正常','2017-06-15 08:31:45','2017-06-15 08:31:45',0),(1293,174,'adjreflector','调小反射镜',0,'2017-06-15 08:31:22','','42','段志胜','','正常','2017-06-15 08:31:22','2017-06-15 08:31:22',0),(1291,164,'adjreflector','调小反射镜',0,'2017-06-15 08:30:56','','42','刘康','','正常','2017-06-15 08:30:56','2017-06-15 08:30:56',0),(1292,164,'poireflector','点小反射镜',0,'2017-06-15 08:31:05','','42','刘康','','正常','2017-06-15 08:31:05','2017-06-15 08:31:05',0),(1290,164,'backto adjreflector','回退到 调小反射镜 环节',1,'2017-06-15 08:30:37','','42','','','无说明情况','2017-06-15 08:30:37','2017-06-15 08:30:37',0),(1289,169,'poiemission','点发射',0,'2017-06-15 08:29:15','','42','石佳喜','','正常','2017-06-15 08:29:15','2017-06-15 08:29:15',0),(1288,169,'poireflector','点小反射镜',0,'2017-06-15 08:28:56','','42','石佳喜','','正常','2017-06-15 08:28:56','2017-06-15 08:28:56',0),(1287,170,'poireflector','点小反射镜',0,'2017-06-15 08:28:33','','42','黄朝富','','正常','2017-06-15 08:28:33','2017-06-15 08:28:33',0),(1286,149,'agingtest','老化测试',0,'2017-06-15 00:29:01','','44','李飞','','ok','2017-06-15 00:29:01','2017-06-15 00:29:01',0),(1251,121,'evaluation','产品评估',0,'2017-06-14 11:29:32','','53','王加闯',NULL,'确认OK','2017-06-14 11:29:32','2017-06-14 11:29:32',0),(1252,121,'deliver','交付使用',0,'2017-06-14 11:29:56','','53','',NULL,'交付陈泉国','2017-06-14 11:29:56','2017-06-14 11:29:56',0),(1285,151,'assembly','总装',1,'2017-06-14 17:35:28','','44','李南方','','整机已转交研发龙工继续分析','2017-06-14 17:35:28','2017-06-14 17:35:28',0),(1284,151,'assembly','总装',1,'2017-06-14 17:33:01','','44','郑文杰','','按龙工指导，再次更换主板5.1，固件刷为T5R16V1，图像监测成环状，重启机器后图像和前面雷同','2017-06-14 17:33:01','2017-06-14 17:33:01',0),(1283,151,'assembly','总装',1,'2017-06-14 17:26:26','','44','郑文杰','','更换4.1主板（T4R19），监测成像图像正常，龙工一起确认了','2017-06-14 17:26:26','2017-06-14 17:26:26',0),(1282,151,'assembly','总装',1,'2017-06-14 17:24:39','','44','龙工','','继续掰管（发射/接收全掰），监测成像现象雷同','2017-06-14 17:24:39','2017-06-14 17:24:39',0),(1281,151,'assembly','总装',0,'2017-06-14 17:15:18','','44','龙工','','继续掰管（发射/接收模组），现象雷同','2017-06-14 17:15:18','2017-06-14 17:16:09',1),(1280,151,'assembly','总装',0,'2017-06-14 17:12:47','','44','龙工','','继续掰管（发射接收），现象雷同','2017-06-14 17:12:47','2017-06-14 17:12:54',1),(1279,151,'assembly','总装',1,'2017-06-14 17:09:26','','44','李南方','','掰发射模组针管后，监测成像通道别散点异常','2017-06-14 17:09:26','2017-06-14 17:09:26',0),(1278,176,'startassemble','开始生产',0,'2017-06-14 00:00:00','','54','','','','2017-06-14 15:33:49','2017-06-14 15:33:49',0),(1277,138,'receive','张腾 领取了机子',0,'2017-06-14 15:18:05','','53','','','','2017-06-14 15:18:05','2017-06-14 15:18:05',0),(1276,139,'receive','张腾 领取了机子',0,'2017-06-14 15:17:53','','53','','','','2017-06-14 15:17:53','2017-06-14 15:17:53',0),(1275,143,'receive','张腾 领取了机子',0,'2017-06-14 15:17:42','','53','','','','2017-06-14 15:17:42','2017-06-14 15:17:42',0),(1274,150,'receive','张腾 领取了机子',0,'2017-06-14 15:17:29','','53','','','','2017-06-14 15:17:29','2017-06-14 15:17:29',0),(1310,179,'uvretest','UV+复测',0,'2017-06-15 10:05:17','','2','后期生成','','正常','2017-05-12 14:01:44','2017-05-12 14:01:44',0),(1311,179,'dimming','UV复测后TC老化',0,'2017-06-15 10:05:26','','2','后期生成','','正常','2017-05-12 14:01:44','2017-05-12 14:01:44',0),(1312,179,'dimmingretest','TC后复测',0,'2017-06-15 10:05:58','','2','后期生成','dimming/179/2/1497492358352.jpg','正常','2017-05-12 14:01:44','2017-05-12 14:01:44',0),(1313,179,'dynbalance','动平衡',0,'2017-06-15 10:06:03','','2','后期生成','','正常','2017-05-12 14:01:44','2017-05-12 14:01:44',0),(1314,179,'assembly','总装',0,'2017-06-15 10:06:11','','2','后期生成','','正常','2017-05-12 14:01:44','2017-05-12 14:01:44',0),(1315,179,'reflectivity','标反射率',0,'2017-06-15 10:06:22','','2','后期生成','dimming/179/2/1497492381447.jpg','正常','2017-05-12 14:01:44','2017-05-12 14:01:44',0),(1316,179,'static','标静态量',0,'2017-06-15 10:06:29','','2','后期生成','','正常','2017-05-12 14:01:44','2017-05-12 14:01:44',0),(1317,179,'agingtest','老化测试',0,'2017-06-15 10:06:34','','2','后期生成','','正常','2017-05-12 14:01:44','2017-05-12 14:01:44',0),(1318,179,'evaluation','产品评估',0,'2017-06-15 10:06:39','','2','后期生成','','正常','2017-05-12 14:01:44','2017-05-12 14:01:44',0),(1319,179,'deliver','交付使用',0,'2017-06-15 10:06:46','','2','','','正常','2017-05-12 14:01:44','2017-05-12 14:01:44',0),(1320,180,'startassemble','开始生产',0,'2017-06-15 00:00:00','','2','','','','2017-05-12 14:01:44','2017-05-12 14:01:44',0),(1321,180,'preassemble','预组装',0,'2017-06-15 10:07:28','','2','后期生成','','正常','2017-05-12 14:01:44','2017-05-12 14:01:44',0),(1322,180,'adjreflector','调小反射镜',0,'2017-06-15 10:07:32','','2','后期生成','','正常','2017-05-12 14:01:44','2017-05-12 14:01:44',0),(1323,180,'poireflector','点小反射镜',0,'2017-06-15 10:07:36','','2','后期生成','','正常','2017-05-12 14:01:44','2017-05-12 14:01:44',0),(1324,180,'poiemission','点发射',0,'2017-06-15 10:07:40','','2','后期生成','','正常','2017-05-12 14:01:44','2017-05-12 14:01:44',0),(1325,180,'poiemitc','点发射完TC',0,'2017-06-15 10:07:44','','2','后期生成','','正常','2017-05-12 14:01:44','2017-05-12 14:01:44',0),(1326,180,'poireceive','点接收+复测',0,'2017-06-15 10:07:48','','2','后期生成','','正常','2017-05-12 14:01:44','2017-05-12 14:01:44',0),(1327,180,'uvretest','UV+复测',0,'2017-06-15 10:07:53','','2','后期生成','','正常','2017-05-12 14:01:44','2017-05-12 14:01:44',0),(1328,180,'dimming','UV复测后TC老化',0,'2017-06-15 10:07:59','','2','后期生成','','正常','2017-05-12 14:01:44','2017-05-12 14:01:44',0),(1329,180,'dimmingretest','TC后复测',0,'2017-06-15 10:08:08','','2','后期生成','dimming/180/2/1497492487225.jpg','正常','2017-05-12 14:01:44','2017-05-12 14:01:44',0),(1330,180,'dynbalance','动平衡',0,'2017-06-15 10:08:12','','2','后期生成','','正常','2017-05-12 14:01:44','2017-05-12 14:01:44',0),(1331,180,'assembly','总装',0,'2017-06-15 10:08:17','','2','后期生成','','正常','2017-05-12 14:01:44','2017-05-12 14:01:44',0),(1332,180,'reflectivity','标反射率',0,'2017-06-15 10:08:28','','2','后期生成','dimming/180/2/1497492506786.jpg','正常','2017-05-12 14:01:44','2017-05-12 14:01:44',0),(1333,180,'static','标静态量',0,'2017-06-15 10:08:33','','2','后期生成','','正常','2017-05-12 14:01:44','2017-05-12 14:01:44',0),(1334,180,'agingtest','老化测试',0,'2017-06-15 10:08:37','','2','后期生成','','正常','2017-05-12 14:01:44','2017-05-12 14:01:44',0),(1335,180,'evaluation','产品评估',0,'2017-06-15 10:08:43','','2','后期生成','','正常','2017-05-12 14:01:44','2017-05-12 14:01:44',0),(1336,180,'deliver','交付使用',0,'2017-06-15 10:08:46','','2','','','正常','2017-05-12 14:01:44','2017-05-12 14:01:44',0),(1337,181,'startassemble','开始生产',0,'2017-06-15 00:00:00','','2','','','','2017-05-12 14:01:44','2017-05-12 14:01:44',0),(1338,181,'preassemble','预组装',0,'2017-06-15 10:09:06','','2','后期生成','','正常','2017-05-12 14:01:44','2017-05-12 14:01:44',0),(1339,181,'adjreflector','调小反射镜',0,'2017-06-15 10:09:10','','2','后期生成','','正常','2017-05-12 14:01:44','2017-05-12 14:01:44',0),(1340,181,'poireflector','点小反射镜',0,'2017-06-15 10:09:14','','2','后期生成','','正常','2017-05-12 14:01:44','2017-05-12 14:01:44',0),(1341,181,'poiemission','点发射',0,'2017-06-15 10:09:19','','2','后期生成','','正常','2017-05-12 14:01:44','2017-05-12 14:01:44',0),(1342,181,'poiemitc','点发射完TC',0,'2017-06-15 10:09:23','','2','后期生成','','正常','2017-05-12 14:01:44','2017-05-12 14:01:44',0),(1343,181,'poireceive','点接收+复测',0,'2017-06-15 10:09:28','','2','后期生成','','正常','2017-05-12 14:01:44','2017-05-12 14:01:44',0),(1344,181,'uvretest','UV+复测',0,'2017-06-15 10:09:32','','2','后期生成','','正常','2017-05-12 14:01:44','2017-05-12 14:01:44',0),(1345,181,'dimming','UV复测后TC老化',0,'2017-06-15 10:09:37','','2','后期生成','','正常','2017-05-12 14:01:44','2017-05-12 14:01:44',0),(1346,181,'dimmingretest','TC后复测',0,'2017-06-15 10:09:46','','2','后期生成','dimming/181/2/1497492585858.jpg','正常','2017-05-12 14:01:44','2017-05-12 14:01:44',0),(1347,181,'dynbalance','动平衡',0,'2017-06-15 10:09:51','','2','后期生成','','正常','2017-05-12 14:01:44','2017-05-12 14:01:44',0),(1348,181,'assembly','总装',0,'2017-06-15 10:09:56','','2','后期生成','','正常','2017-05-12 14:01:44','2017-05-12 14:01:44',0),(1349,181,'reflectivity','标反射率',0,'2017-06-15 10:10:06','','2','后期生成','dimming/181/2/1497492606373.jpg','正常','2017-05-12 14:01:44','2017-05-12 14:01:44',0),(1350,181,'static','标静态量',0,'2017-06-15 10:10:12','','2','后期生成','','正常','2017-05-12 14:01:44','2017-05-12 14:01:44',0),(1351,181,'agingtest','老化测试',0,'2017-06-15 10:10:16','','2','后期生成','','正常','2017-05-12 14:01:44','2017-05-12 14:01:44',0),(1352,181,'evaluation','产品评估',0,'2017-06-15 10:10:21','','2','后期生成','','正常','2017-05-12 14:01:44','2017-05-12 14:01:44',0),(1353,181,'deliver','交付使用',0,'2017-06-15 10:10:23','','2','','','正常','2017-05-12 14:01:44','2017-05-12 14:01:44',0),(1354,182,'startassemble','开始生产',0,'2017-06-15 03:12:00','','2','','','','2017-06-15 11:34:44','2017-06-15 11:34:44',0),(1355,182,'preassemble','预组装',0,'2017-06-15 11:35:10','','2','喜庆','','正常','2017-06-15 11:35:10','2017-06-15 11:35:10',0),(1356,182,'adjreflector','调小反射镜',0,'2017-06-15 11:35:20','','2','哈哈','','正常','2017-06-15 11:35:20','2017-06-15 11:35:20',0),(1357,182,'poireflector','点小反射镜',0,'2017-06-15 11:35:24','','2','哈哈','','正常','2017-06-15 11:35:24','2017-06-15 11:35:24',0),(1358,182,'poiemission','点发射',0,'2017-06-15 11:35:28','','2','哈比','','正常','2017-06-15 11:35:28','2017-06-15 11:35:28',0),(1359,182,'poiemitc','点发射完TC',0,'2017-06-15 11:35:33','','2','哈哈','','正常','2017-06-15 11:35:33','2017-06-15 11:35:33',0),(1360,182,'poireceive','点接收+复测',0,'2017-06-15 11:36:25','','2','哈哈','dimming/182/2/1497497783193.jpg','正常','2017-06-15 11:36:25','2017-06-15 11:36:32',1),(1361,182,'poireceive','点接收+复测',0,'2017-06-15 11:36:54','','2','哈哈','dimming/182/2/1497497811733.jpg','哈哈嘿嘿你跟你你孩子嘻嘻嘻嘻吱吱吱嘻嘻哈哈嘿嘿你跟你你孩子嘻嘻嘻嘻吱吱吱嘻嘻','2017-06-15 11:36:54','2017-06-15 11:36:54',0),(1362,183,'startassemble','开始生产',0,'NaN-aN-aN aN:aN:aN','','2','','','','2017-06-15 15:19:20','2017-06-15 15:19:20',0),(1363,184,'startassemble','开始生产',0,'2017-06-15 00:00:00','','2','','','','2017-05-12 14:01:44','2017-05-12 14:01:44',0),(1364,184,'preassemble','预组装',0,'2017-06-15 15:20:26','','2','后期生成','','正常','2017-05-12 14:01:44','2017-05-12 14:01:44',0),(1365,184,'adjreflector','调小反射镜',0,'2017-06-15 15:20:32','','2','后期生成','','正常','2017-05-12 14:01:44','2017-05-12 14:01:44',0),(1366,184,'poireflector','点小反射镜',0,'2017-06-15 15:20:37','','2','后期生成','','正常','2017-05-12 14:01:44','2017-05-12 14:01:44',0),(1367,184,'poiemission','点发射',0,'2017-06-15 15:20:42','','2','后期生成','','正常','2017-05-12 14:01:44','2017-05-12 14:01:44',0),(1368,184,'poiemitc','点发射完TC',0,'2017-06-15 15:20:46','','2','后期生成','','正常','2017-05-12 14:01:44','2017-05-12 14:01:44',0),(1369,184,'poireceive','点接收+复测',0,'2017-06-15 15:20:53','','2','后期生成','','正常','2017-05-12 14:01:44','2017-05-12 14:01:44',0),(1370,184,'uvretest','UV+复测',0,'2017-06-15 15:21:00','','2','后期生成','','正常','2017-05-12 14:01:44','2017-05-12 14:01:44',0),(1371,184,'dimming','UV复测后TC老化',0,'2017-06-15 15:21:06','','2','后期生成','','正常','2017-05-12 14:01:44','2017-05-12 14:01:44',0),(1372,184,'dimmingretest','TC后复测',0,'2017-06-15 15:21:17','','2','后期生成','dimming/184/2/1497511277001.jpg','正常','2017-05-12 14:01:44','2017-05-12 14:01:44',0),(1373,184,'dynbalance','动平衡',0,'2017-06-15 15:21:22','','2','后期生成','','正常','2017-05-12 14:01:44','2017-05-12 14:01:44',0),(1374,184,'assembly','总装',0,'2017-06-15 15:21:28','','2','后期生成','','正常','2017-05-12 14:01:44','2017-05-12 14:01:44',0),(1375,184,'reflectivity','标反射率',0,'2017-06-15 15:21:40','','2','后期生成','dimming/184/2/1497511297666.jpg','正常','2017-05-12 14:01:44','2017-05-12 14:01:44',0),(1376,184,'static','标静态量',0,'2017-06-15 15:21:45','','2','后期生成','','正常','2017-05-12 14:01:44','2017-05-12 14:01:44',0),(1377,184,'agingtest','老化测试',0,'2017-06-15 15:21:52','','2','后期生成','','正常','2017-05-12 14:01:44','2017-05-12 14:01:44',0),(1378,184,'evaluation','产品评估',0,'2017-06-15 15:21:59','','2','后期生成','','正常','2017-05-12 14:01:44','2017-05-12 14:01:44',0),(1379,184,'deliver','交付使用',0,'2017-06-15 15:22:08','','2','','','正常','2017-05-12 14:01:44','2017-05-12 14:01:44',0),(1380,185,'startassemble','开始生产',0,'2017-06-15 00:00:00','','2','','','','2017-05-12 14:01:44','2017-05-12 14:01:44',0),(1381,185,'preassemble','预组装',0,'2017-06-15 15:54:44','','2','后期生成','','正常','2017-05-12 14:01:44','2017-05-12 14:01:44',0),(1382,185,'adjreflector','调小反射镜',0,'2017-06-15 15:54:49','','2','后期生成','','正常','2017-05-12 14:01:44','2017-05-12 14:01:44',0),(1383,185,'poireflector','点小反射镜',0,'2017-06-15 15:54:54','','2','后期生成','','正常','2017-05-12 14:01:44','2017-05-12 14:01:44',0),(1384,185,'poiemission','点发射',0,'2017-06-15 15:55:01','','2','后期生成','','正常','2017-05-12 14:01:44','2017-05-12 14:01:44',0),(1385,185,'poiemitc','点发射完TC',0,'2017-06-15 15:55:05','','2','后期生成','','正常','2017-05-12 14:01:44','2017-05-12 14:01:44',0),(1386,185,'poireceive','点接收+复测',0,'2017-06-15 15:55:10','','2','后期生成','','正常','2017-05-12 14:01:44','2017-05-12 14:01:44',0),(1387,185,'uvretest','UV+复测',0,'2017-06-15 15:55:15','','2','后期生成','','正常','2017-05-12 14:01:44','2017-05-12 14:01:44',0),(1388,185,'dimming','UV复测后TC老化',0,'2017-06-15 15:55:20','','2','后期生成','','正常','2017-05-12 14:01:44','2017-05-12 14:01:44',0),(1389,185,'dimmingretest','TC后复测',0,'2017-06-15 15:55:32','','2','后期生成','dimming/185/2/1497513331768.jpg','正常','2017-05-12 14:01:44','2017-05-12 14:01:44',0),(1390,185,'dynbalance','动平衡',0,'2017-06-15 15:55:38','','2','后期生成','','正常','2017-05-12 14:01:44','2017-05-12 14:01:44',0),(1391,185,'assembly','总装',0,'2017-06-15 15:55:42','','2','后期生成','','正常','2017-05-12 14:01:44','2017-05-12 14:01:44',0),(1392,185,'reflectivity','标反射率',0,'2017-06-15 15:55:52','','2','后期生成','dimming/185/2/1497513351272.jpg','正常','2017-05-12 14:01:44','2017-05-12 14:01:44',0),(1393,185,'static','标静态量',0,'2017-06-15 15:55:58','','2','后期生成','','正常','2017-05-12 14:01:44','2017-05-12 14:01:44',0),(1394,185,'agingtest','老化测试',0,'2017-06-15 15:56:02','','2','后期生成','','正常','2017-05-12 14:01:44','2017-05-12 14:01:44',0),(1395,185,'evaluation','产品评估',0,'2017-06-15 15:56:08','','2','后期生成','','正常','2017-05-12 14:01:44','2017-05-12 14:01:44',0),(1396,185,'deliver','交付使用',0,'2017-06-15 15:56:12','','2','','','正常','2017-05-12 14:01:44','2017-05-12 14:01:44',0),(1397,153,'poireceive','点接收+复测',0,'2017-06-15 15:57:20','','42','谢鹏飞','dimming/153/42/1497513437689.jpg','正常','2017-06-15 15:57:20','2017-06-15 15:57:20',0),(1398,153,'uvretest','UV+复测',0,'2017-06-15 15:57:42','','42','谢鹏飞','dimming/153/42/1497513460558.jpg','正常','2017-06-15 15:57:42','2017-06-15 15:57:42',0),(1399,186,'startassemble','开始生产',0,'2017-06-15 00:00:00','','2','','','','2017-05-12 14:01:44','2017-05-12 14:01:44',0),(1400,186,'preassemble','预组装',0,'2017-06-15 15:59:18','','2','后期生成','','正常','2017-05-12 14:01:44','2017-05-12 14:01:44',0),(1401,186,'adjreflector','调小反射镜',0,'2017-06-15 15:59:23','','2','后期生成','','正常','2017-05-12 14:01:44','2017-05-12 14:01:44',0),(1402,186,'poireflector','点小反射镜',0,'2017-06-15 15:59:27','','2','后期生成','','正常','2017-05-12 14:01:44','2017-05-12 14:01:44',0),(1403,186,'poiemission','点发射',0,'2017-06-15 15:59:31','','2','后期生成','','正常','2017-05-12 14:01:44','2017-05-12 14:01:44',0),(1404,186,'poiemitc','点发射完TC',0,'2017-06-15 15:59:36','','2','后期生成','','正常','2017-05-12 14:01:44','2017-05-12 14:01:44',0),(1405,186,'poireceive','点接收+复测',0,'2017-06-15 15:59:42','','2','后期生成','','正常','2017-05-12 14:01:44','2017-05-12 14:01:44',0),(1406,186,'uvretest','UV+复测',0,'2017-06-15 15:59:48','','2','后期生成','','正常','2017-05-12 14:01:44','2017-05-12 14:01:44',0),(1407,186,'dimming','UV复测后TC老化',0,'2017-06-15 15:59:53','','2','后期生成','','正常','2017-05-12 14:01:44','2017-05-12 14:01:44',0),(1408,186,'dimmingretest','TC后复测',0,'2017-06-15 16:00:02','','2','后期生成','dimming/186/2/1497513602068.jpg','正常','2017-05-12 14:01:44','2017-05-12 14:01:44',0),(1409,186,'dynbalance','动平衡',0,'2017-06-15 16:00:07','','2','后期生成','','正常','2017-05-12 14:01:44','2017-05-12 14:01:44',0),(1410,186,'assembly','总装',0,'2017-06-15 16:00:12','','2','后期生成','','正常','2017-05-12 14:01:44','2017-05-12 14:01:44',0),(1411,186,'reflectivity','标反射率',0,'2017-06-15 16:00:24','','2','后期生成','dimming/186/2/1497513623281.jpg','正常','2017-05-12 14:01:44','2017-05-12 14:01:44',0),(1412,186,'static','标静态量',0,'2017-06-15 16:00:29','','2','后期生成','','正常','2017-05-12 14:01:44','2017-05-12 14:01:44',0),(1413,186,'agingtest','老化测试',0,'2017-06-15 16:00:36','','2','后期生成','','正常','2017-05-12 14:01:44','2017-05-12 14:01:44',0),(1414,186,'evaluation','产品评估',0,'2017-06-15 16:00:41','','2','后期生成','','正常','2017-05-12 14:01:44','2017-05-12 14:01:44',0),(1415,186,'deliver','交付使用',0,'2017-06-15 16:00:44','','2','','','正常','2017-05-12 14:01:44','2017-05-12 14:01:44',0),(1416,161,'poireceive','点接收+复测',0,'2017-06-15 16:00:55','','42','王静','dimming/161/42/1497513619532.jpg','正常','2017-06-15 16:00:55','2017-06-15 16:00:55',0),(1417,187,'startassemble','开始生产',0,'2017-06-15 00:00:00','','2','','','','2017-05-12 14:01:44','2017-05-12 14:01:44',0),(1418,187,'preassemble','预组装',0,'2017-06-15 16:02:00','','2','后期生成','','正常','2017-05-12 14:01:44','2017-05-12 14:01:44',0),(1419,187,'adjreflector','调小反射镜',0,'2017-06-15 16:02:05','','2','后期生成','','正常','2017-05-12 14:01:44','2017-05-12 14:01:44',0),(1420,187,'poireflector','点小反射镜',0,'2017-06-15 16:02:09','','2','后期生成','','正常','2017-05-12 14:01:44','2017-05-12 14:01:44',0),(1421,187,'poiemission','点发射',0,'2017-06-15 16:02:13','','2','后期生成','','正常','2017-05-12 14:01:44','2017-05-12 14:01:44',0),(1422,187,'poiemitc','点发射完TC',0,'2017-06-15 16:02:18','','2','后期生成','','正常','2017-05-12 14:01:44','2017-05-12 14:01:44',0),(1423,187,'poireceive','点接收+复测',0,'2017-06-15 16:02:23','','2','后期生成','','正常','2017-05-12 14:01:44','2017-05-12 14:01:44',0),(1424,187,'uvretest','UV+复测',0,'2017-06-15 16:02:28','','2','后期生成','','正常','2017-05-12 14:01:44','2017-05-12 14:01:44',0),(1425,187,'dimming','UV复测后TC老化',0,'2017-06-15 16:02:33','','2','后期生成','','正常','2017-05-12 14:01:44','2017-05-12 14:01:44',0),(1426,187,'dimmingretest','TC后复测',0,'2017-06-15 16:02:42','','2','后期生成','dimming/187/2/1497513761707.jpg','正常','2017-05-12 14:01:44','2017-05-12 14:01:44',0),(1427,187,'dynbalance','动平衡',0,'2017-06-15 16:02:47','','2','后期生成','','正常','2017-05-12 14:01:44','2017-05-12 14:01:44',0),(1428,187,'assembly','总装',0,'2017-06-15 16:02:52','','2','后期生成','','正常','2017-05-12 14:01:44','2017-05-12 14:01:44',0),(1429,187,'reflectivity','标反射率',0,'2017-06-15 16:03:03','','2','后期生成','dimming/187/2/1497513782925.jpg','正常','2017-05-12 14:01:44','2017-05-12 14:01:44',0),(1430,187,'static','标静态量',0,'2017-06-15 16:03:08','','2','后期生成','','正常','2017-05-12 14:01:44','2017-05-12 14:01:44',0),(1431,187,'agingtest','老化测试',0,'2017-06-15 16:03:13','','2','后期生成','','正常','2017-05-12 14:01:44','2017-05-12 14:01:44',0),(1432,187,'evaluation','产品评估',0,'2017-06-15 16:03:18','','2','后期生成','','正常','2017-05-12 14:01:44','2017-05-12 14:01:44',0),(1433,161,'uvretest','UV+复测',0,'2017-06-15 16:03:18','','42','王静','dimming/161/42/1497513789138.jpg','UV后D4掉了，拆D1到D4后重新点胶后数据正常','2017-06-15 16:03:18','2017-06-15 16:03:18',0),(1434,187,'deliver','交付使用',0,'2017-06-15 16:03:21','','2','','','正常','2017-05-12 14:01:44','2017-05-12 14:01:44',0),(1435,188,'startassemble','开始生产',0,'2017-06-15 00:00:00','','2','','','','2017-05-12 14:01:44','2017-05-12 14:01:44',0),(1436,188,'preassemble','预组装',0,'2017-06-15 16:04:24','','2','后期生成','','正常','2017-05-12 14:01:44','2017-05-12 14:01:44',0),(1437,188,'adjreflector','调小反射镜',0,'2017-06-15 16:04:28','','2','后期生成','','正常','2017-05-12 14:01:44','2017-05-12 14:01:44',0),(1438,188,'poireflector','点小反射镜',0,'2017-06-15 16:04:32','','2','后期生成','','正常','2017-05-12 14:01:44','2017-05-12 14:01:44',0),(1439,188,'poiemission','点发射',0,'2017-06-15 16:04:37','','2','后期生成','','正常','2017-05-12 14:01:44','2017-05-12 14:01:44',0),(1440,188,'poiemitc','点发射完TC',0,'2017-06-15 16:04:41','','2','后期生成','','正常','2017-05-12 14:01:44','2017-05-12 14:01:44',0),(1441,188,'poireceive','点接收+复测',0,'2017-06-15 16:04:45','','2','后期生成','','正常','2017-05-12 14:01:44','2017-05-12 14:01:44',0),(1442,188,'uvretest','UV+复测',0,'2017-06-15 16:04:50','','2','后期','','正常','2017-05-12 14:01:44','2017-05-12 14:01:44',0),(1443,188,'dimming','UV复测后TC老化',0,'2017-06-15 16:04:54','','2','后期生成','','正常','2017-05-12 14:01:44','2017-05-12 14:01:44',0),(1444,188,'dimmingretest','TC后复测',0,'2017-06-15 16:05:03','','2','后期生成','dimming/188/2/1497513902393.jpg','正常','2017-05-12 14:01:44','2017-05-12 14:01:44',0),(1445,188,'dynbalance','动平衡',0,'2017-06-15 16:05:08','','2','后期生成','','正常','2017-05-12 14:01:44','2017-05-12 14:01:44',0),(1446,188,'assembly','总装',0,'2017-06-15 16:05:13','','2','后期生成','','正常','2017-05-12 14:01:44','2017-05-12 14:01:44',0),(1447,188,'reflectivity','标反射率',0,'2017-06-15 16:05:23','','2','后期生成','dimming/188/2/1497513922167.jpg','正常','2017-05-12 14:01:44','2017-05-12 14:01:44',0),(1448,188,'static','标静态量',0,'2017-06-15 16:05:28','','2','后期生成','','正常','2017-05-12 14:01:44','2017-05-12 14:01:44',0),(1449,188,'agingtest','老化测试',0,'2017-06-15 16:05:33','','2','后期生成','','正常','2017-05-12 14:01:44','2017-05-12 14:01:44',0),(1450,188,'evaluation','产品评估',0,'2017-06-15 16:05:37','','2','后期生成','','正常','2017-05-12 14:01:44','2017-05-12 14:01:44',0),(1451,188,'deliver','交付使用',0,'2017-06-15 16:05:40','','2','','','正常','2017-05-12 14:01:44','2017-05-12 14:01:44',0),(1452,189,'startassemble','开始生产',0,'2017-06-15 00:00:00','','2','','','','2017-05-12 14:01:44','2017-05-12 14:01:44',0),(1453,189,'preassemble','预组装',0,'2017-06-15 16:08:17','','2','后期生成','','正常','2017-05-12 14:01:44','2017-05-12 14:01:44',0),(1454,189,'adjreflector','调小反射镜',0,'2017-06-15 16:08:22','','2','后期生成','','正常','2017-05-12 14:01:44','2017-05-12 14:01:44',0),(1455,189,'poireflector','点小反射镜',0,'2017-06-15 16:08:26','','2','后期生成','','正常','2017-05-12 14:01:44','2017-05-12 14:01:44',0),(1456,189,'poiemission','点发射',0,'2017-06-15 16:08:31','','2','后期生成','','正常','2017-05-12 14:01:44','2017-05-12 14:01:44',0),(1457,189,'poiemitc','点发射完TC',0,'2017-06-15 16:08:37','','2','后期生成','','正常','2017-05-12 14:01:44','2017-05-12 14:01:44',0),(1458,189,'poireceive','点接收+复测',0,'2017-06-15 16:08:42','','2','后期生成','','正常','2017-05-12 14:01:44','2017-05-12 14:01:44',0),(1459,189,'uvretest','UV+复测',0,'2017-06-15 16:08:47','','2','后期生成','','正常','2017-05-12 14:01:44','2017-05-12 14:01:44',0),(1460,189,'dimming','UV复测后TC老化',0,'2017-06-15 16:08:52','','2','后期生成','','正常','2017-05-12 14:01:44','2017-05-12 14:01:44',0),(1461,189,'dimmingretest','TC后复测',0,'2017-06-15 16:08:59','','2','后期生成','dimming/189/2/1497514139371.jpg','正常','2017-05-12 14:01:44','2017-05-12 14:01:44',0),(1462,189,'dynbalance','动平衡',0,'2017-06-15 16:09:04','','2','后期生成','','正常','2017-05-12 14:01:44','2017-05-12 14:01:44',0),(1463,189,'assembly','总装',0,'2017-06-15 16:09:09','','2','后期生成','','正常','2017-05-12 14:01:44','2017-05-12 14:01:44',0),(1464,189,'reflectivity','标反射率',0,'2017-06-15 16:09:28','','2','后期生成','dimming/189/2/1497514157827.jpg','正常','2017-05-12 14:01:44','2017-05-12 14:01:44',0),(1465,189,'static','标静态量',0,'2017-06-15 16:09:34','','2','后期生成','','正常','2017-05-12 14:01:44','2017-05-12 14:01:44',0),(1466,189,'agingtest','老化测试',0,'2017-06-15 16:09:39','','2','后期生成','','正常','2017-05-12 14:01:44','2017-05-12 14:01:44',0),(1467,189,'evaluation','产品评估',0,'2017-06-15 16:09:44','','2','后期生成','','正常','2017-05-12 14:01:44','2017-05-12 14:01:44',0),(1468,189,'deliver','交付使用',0,'2017-06-15 16:09:47','','2','','','正常','2017-05-12 14:01:44','2017-05-12 14:01:44',0),(1469,276,'remarks','备注：邱纯潮北京亲自送货',0,'2017-06-15 16:33:19','','54','','','','2017-06-15 16:33:19','2017-06-15 16:33:19',0),(1470,190,'startassemble','开始生产',0,'2017-06-15 00:00:00','','2','','','','2017-05-12 14:01:44','2017-05-12 14:01:44',0),(1471,190,'preassemble','预组装',0,'2017-06-15 17:08:17','','2','后期生成','','正常','2017-05-12 14:01:44','2017-05-12 14:01:44',0),(1472,190,'adjreflector','调小反射镜',0,'2017-06-15 17:08:22','','2','后期生成','','正常','2017-05-12 14:01:44','2017-05-12 14:01:44',0),(1473,190,'poireflector','点小反射镜',0,'2017-06-15 17:08:26','','2','后期生成','','正常','2017-05-12 14:01:44','2017-05-12 14:01:44',0),(1474,190,'poiemission','点发射',0,'2017-06-15 17:08:29','','2','后期生成','','正常','2017-05-12 14:01:44','2017-05-12 14:01:44',0),(1475,190,'poiemitc','点发射完TC',0,'2017-06-15 17:08:35','','2','后期生成','','正常','2017-05-12 14:01:44','2017-05-12 14:01:44',0),(1476,190,'poireceive','点接收+复测',0,'2017-06-15 17:08:40','','2','后期生成','','正常','2017-05-12 14:01:44','2017-05-12 14:01:44',0),(1477,190,'uvretest','UV+复测',0,'2017-06-15 17:08:44','','2','后期生成','','正常','2017-05-12 14:01:44','2017-05-12 14:01:44',0),(1478,190,'dimming','UV复测后TC老化',0,'2017-06-15 17:08:49','','2','后期生成','','正常','2017-05-12 14:01:44','2017-05-12 14:01:44',0),(1479,190,'dimmingretest','TC后复测',0,'2017-06-15 17:08:58','','2','后期生成','dimming/190/2/1497517738283.jpg','正常','2017-05-12 14:01:44','2017-05-12 14:01:44',0),(1480,190,'dynbalance','动平衡',0,'2017-06-15 17:09:02','','2','后期生成','','正常','2017-05-12 14:01:44','2017-05-12 14:01:44',0),(1481,190,'assembly','总装',0,'2017-06-15 17:09:06','','2','后期生成','','正常','2017-05-12 14:01:44','2017-05-12 14:01:44',0),(1482,190,'reflectivity','标反射率',0,'2017-06-15 17:09:14','','2','后期生成','dimming/190/2/1497517754657.jpg','正常','2017-05-12 14:01:44','2017-05-12 14:01:44',0),(1483,190,'static','标静态量',0,'2017-06-15 17:09:19','','2','后期生成','','正常','2017-05-12 14:01:44','2017-05-12 14:01:44',0),(1484,190,'agingtest','老化测试',0,'2017-06-15 17:09:23','','2','后期生成','','正常','2017-05-12 14:01:44','2017-05-12 14:01:44',0),(1485,190,'evaluation','产品评估',0,'2017-06-15 17:09:27','','2','后期生成','','正常','2017-05-12 14:01:44','2017-05-12 14:01:44',0),(1486,190,'deliver','交付使用',0,'2017-06-15 17:09:31','','2','','','正常','2017-05-12 14:01:44','2017-05-12 14:01:44',0),(1487,191,'startassemble','开始生产',0,'2017-06-15 00:00:00','','2','','','','2017-05-12 14:01:44','2017-05-12 14:01:44',0),(1488,191,'preassemble','预组装',0,'2017-06-15 17:23:23','','2','后期生成','','正常','2017-05-12 14:01:44','2017-05-12 14:01:44',0),(1489,191,'adjreflector','调小反射镜',0,'2017-06-15 17:23:26','','2','后期生成','','正常','2017-05-12 14:01:44','2017-05-12 14:01:44',0),(1490,191,'poireflector','点小反射镜',0,'2017-06-15 17:23:34','','2','后期生成','','正常','2017-05-12 14:01:44','2017-05-12 14:01:44',0),(1491,191,'poiemission','点发射',0,'2017-06-15 17:23:37','','2','后期生成','','正常','2017-05-12 14:01:44','2017-05-12 14:01:44',0),(1492,191,'poiemitc','点发射完TC',0,'2017-06-15 17:23:44','','2','后期生成','','正常','2017-05-12 14:01:44','2017-05-12 14:01:44',0),(1493,191,'poireceive','点接收+复测',0,'2017-06-15 17:23:47','','2','后期生成','','正常','2017-05-12 14:01:44','2017-05-12 14:01:44',0),(1494,191,'uvretest','UV+复测',0,'2017-06-15 17:23:52','','2','后期生成','','正常','2017-05-12 14:01:44','2017-05-12 14:01:44',0),(1495,191,'dimming','UV复测后TC老化',0,'2017-06-15 17:23:58','','2','后期生成','','正常','2017-05-12 14:01:44','2017-05-12 14:01:44',0),(1496,191,'dimmingretest','TC后复测',0,'2017-06-15 17:24:08','','2','后期生成','dimming/191/2/1497518648247.jpg','正常','2017-05-12 14:01:44','2017-05-12 14:01:44',0),(1497,191,'dynbalance','动平衡',0,'2017-06-15 17:24:17','','2','后期生成','','正常','2017-05-12 14:01:44','2017-05-12 14:01:44',0),(1498,191,'assembly','总装',0,'2017-06-15 17:24:22','','2','后期生成','','正常','2017-05-12 14:01:44','2017-05-12 14:01:44',0),(1499,191,'reflectivity','标反射率',0,'2017-06-15 17:24:31','','2','后期生成','dimming/191/2/1497518670691.jpg','正常','2017-05-12 14:01:44','2017-05-12 14:01:44',0),(1500,191,'static','标静态量',0,'2017-06-15 17:24:36','','2','后期生成','','正常','2017-05-12 14:01:44','2017-05-12 14:01:44',0),(1501,191,'agingtest','老化测试',0,'2017-06-15 17:24:40','','2','后期生成','','正常','2017-05-12 14:01:44','2017-05-12 14:01:44',0),(1502,191,'evaluation','产品评估',0,'2017-06-15 17:24:45','','2','后期生成','','正常','2017-05-12 14:01:44','2017-05-12 14:01:44',0),(1503,191,'deliver','交付使用',0,'2017-06-15 17:24:48','','2','','','正常','2017-05-12 14:01:44','2017-05-12 14:01:44',0),(1504,137,'adjreflector','调小反射镜',0,'2017-06-15 20:11:08','','41','邱恒丰','','正常','2017-06-15 20:11:08','2017-06-15 20:11:08',0),(1505,137,'poireflector','点小反射镜',0,'2017-06-15 20:11:19','','41','邱恒丰','','正常','2017-06-15 20:11:19','2017-06-15 20:11:19',0),(1506,125,'poireceive','点接收+复测',1,'2017-06-15 20:15:23','','41','王水艳','dimming/125/41/1497528913249.jpg','发射TC后信号下降严重','2017-06-15 20:15:23','2017-06-15 20:15:23',0),(1507,163,'poiemission','点发射',0,'2017-06-15 20:19:49','','41','卢良山，吴杭','','正常','2017-06-15 20:19:49','2017-06-15 20:19:49',0),(1508,162,'adjreflector','调小反射镜',0,'2017-06-15 20:20:48','','41','熊光伟，王旭清','','正常','2017-06-15 20:20:48','2017-06-15 20:20:48',0),(1509,163,'poiemitc','点发射完TC',0,'2017-06-15 20:20:59','','45','曾晓波',NULL,'正常','2017-06-15 20:20:59','2017-06-15 20:20:59',0),(1510,162,'poireflector','点小反射镜',0,'2017-06-15 20:21:28','','41','熊光伟，王旭清','','正常','2017-06-15 20:21:28','2017-06-15 20:21:28',0),(1511,153,'dimming','UV复测后TC老化',0,'2017-06-15 20:21:38','','45','曾晓波',NULL,'正常','2017-06-15 20:21:38','2017-06-15 20:21:38',0),(1512,161,'dimming','UV复测后TC老化',0,'2017-06-15 20:21:55','','45','曾晓波',NULL,'正常','2017-06-15 20:21:55','2017-06-15 20:21:55',0),(1513,172,'poireflector','点小反射镜',0,'2017-06-15 20:23:33','','41','龙洁，李赛月（新），王欢（新），黄楚雄（新）','','反射镜完TC','2017-06-15 20:23:33','2017-06-15 20:23:33',0),(1514,138,'evaluation','产品评估',0,'2017-06-15 20:56:33','','53','张腾',NULL,'U通道有两通道在4米处有有饱和现象','2017-06-15 20:56:33','2017-06-15 20:56:33',0),(1515,139,'evaluation','产品评估',0,'2017-06-15 20:57:23','','53','张腾',NULL,'有部分通道存在饱和现象','2017-06-15 20:57:23','2017-06-15 20:57:23',0),(1516,143,'evaluation','产品评估',0,'2017-06-15 20:58:38','','53','张腾',NULL,'响声较大，U3U4掰弯处理','2017-06-15 20:58:38','2017-06-15 20:58:38',0),(1517,144,'evaluation','产品评估',0,'2017-06-15 21:00:00','','53','张腾',NULL,'U3U4四米处有饱和现象','2017-06-15 21:00:00','2017-06-15 21:00:00',0),(1518,138,'deliver','交付使用',0,'2017-06-15 21:17:04','','53','',NULL,'交付Zara','2017-06-15 21:17:04','2017-06-15 21:17:04',0),(1519,139,'deliver','交付使用',0,'2017-06-15 21:17:21','','53','',NULL,'交付文旭','2017-06-15 21:17:21','2017-06-15 21:17:21',0),(1520,143,'deliver','交付使用',0,'2017-06-15 21:17:34','','53','',NULL,'交付文旭','2017-06-15 21:17:34','2017-06-15 21:17:34',0),(1521,144,'deliver','交付使用',0,'2017-06-15 21:17:45','','53','',NULL,'交付文旭','2017-06-15 21:17:45','2017-06-15 21:17:45',0),(1522,161,'dimmingretest','TC后复测',0,'2017-06-15 22:05:38','','42','王静','dimming/161/42/1497535527095.jpg','正常','2017-06-15 22:05:38','2017-06-15 22:05:38',0),(1523,153,'dimmingretest','TC后复测',0,'2017-06-15 22:06:22','','42','谢鹏飞','dimming/153/42/1497535582278.jpg','正常','2017-06-15 22:06:22','2017-06-15 22:06:22',0),(1524,170,'poiemission','点发射',0,'2017-06-15 22:07:14','','42','黄朝富','','正常','2017-06-15 22:07:14','2017-06-15 22:07:14',0),(1525,164,'poiemission','点发射',0,'2017-06-15 22:07:40','','42','刘康','','正常','2017-06-15 22:07:40','2017-06-15 22:07:40',0),(1526,174,'poireflector','点小反射镜',0,'2017-06-15 22:08:27','','42','段志胜','','正常','2017-06-15 22:08:27','2017-06-15 22:08:27',0),(1527,153,'dynbalance','动平衡',0,'2017-06-15 22:50:25','','47','郑文杰','','ok','2017-06-15 22:50:25','2017-06-15 22:50:25',0),(1528,153,'assembly','总装',0,'2017-06-15 22:50:36','','47','郑文杰','','ok','2017-06-15 22:50:36','2017-06-15 22:50:36',0),(1529,153,'reflectivity','标反射率',0,'2017-06-15 22:51:08','','47','郑文杰','dimming/153/47/1497538254553.jpg|dimming/153/47/1497538254514.jpg','ok','2017-06-15 22:51:08','2017-06-15 22:51:08',0),(1530,153,'static','标静态量',0,'2017-06-15 22:51:18','','47','郑文杰','','ok','2017-06-15 22:51:18','2017-06-15 22:51:18',0),(1531,161,'dynbalance','动平衡',0,'2017-06-15 22:51:33','','47','郑文杰','','ok','2017-06-15 22:51:33','2017-06-15 22:51:33',0),(1532,161,'assembly','总装',0,'2017-06-15 22:51:42','','47','郑文杰','','ok','2017-06-15 22:51:42','2017-06-15 22:51:42',0),(1533,161,'reflectivity','标反射率',0,'2017-06-15 22:52:39','','47','郑文杰','dimming/161/47/1497538348184.jpg|dimming/161/47/1497538348185.jpg','ok','2017-06-15 22:52:39','2017-06-15 22:52:39',0),(1534,161,'static','标静态量',0,'2017-06-15 22:53:18','','47','郑文杰','','ok','2017-06-15 22:53:18','2017-06-15 22:53:18',0),(1535,192,'startassemble','开始生产',0,'2017-06-16 00:00:00','','2','','','','2017-06-16 09:10:57','2017-06-16 09:10:57',0),(1536,182,'stop','邱纯潮 停止了该机生产',1,'2017-06-16 09:11:59','','2','','','','2017-06-16 09:11:59','2017-06-16 09:11:59',0),(1537,193,'startassemble','开始生产',0,'2017-06-16 00:00:00','','2','','','','2017-05-12 14:01:44','2017-05-12 14:01:44',0),(1538,193,'preassemble','预组装',0,'2017-06-16 10:08:06','','2','后期生成','','正常','2017-05-12 14:01:44','2017-05-12 14:01:44',0),(1539,193,'adjreflector','调小反射镜',0,'2017-06-16 10:08:10','','2','后期生成','','正常','2017-05-12 14:01:44','2017-05-12 14:01:44',0),(1540,193,'poireflector','点小反射镜',0,'2017-06-16 10:08:14','','2','后期生成','','正常','2017-05-12 14:01:44','2017-05-12 14:01:44',0),(1541,193,'poiemission','点发射',0,'2017-06-16 10:08:18','','2','后期生成','','正常','2017-05-12 14:01:44','2017-05-12 14:01:44',0),(1542,193,'poiemitc','点发射完TC',0,'2017-06-16 10:08:22','','2','后期生成','','正常','2017-05-12 14:01:44','2017-05-12 14:01:44',0),(1543,193,'poireceive','点接收+复测',0,'2017-06-16 10:08:26','','2','后期生成','','正常','2017-05-12 14:01:44','2017-05-12 14:01:44',0),(1544,193,'uvretest','UV+复测',0,'2017-06-16 10:08:31','','2','后期生成','','正常','2017-05-12 14:01:44','2017-05-12 14:01:44',0),(1545,193,'dimming','UV复测后TC老化',0,'2017-06-16 10:08:36','','2','后期生成','','正常','2017-05-12 14:01:44','2017-05-12 14:01:44',0),(1546,193,'dimmingretest','TC后复测',0,'2017-06-16 10:08:44','','2','后期生成','dimming/193/2/1497578924313.jpg','正常','2017-05-12 14:01:44','2017-05-12 14:01:44',0),(1547,193,'dynbalance','动平衡',0,'2017-06-16 10:08:49','','2','后期生成','','正常','2017-05-12 14:01:44','2017-05-12 14:01:44',0),(1548,193,'assembly','总装',0,'2017-06-16 10:08:53','','2','后期生成','','正常','2017-05-12 14:01:44','2017-05-12 14:01:44',0),(1549,193,'reflectivity','标反射率',0,'2017-06-16 10:09:01','','2','后期生成','dimming/193/2/1497578940707.jpg','正常','2017-05-12 14:01:44','2017-05-12 14:01:44',0),(1550,193,'static','标静态量',0,'2017-06-16 10:09:05','','2','后期生成','','正常','2017-05-12 14:01:44','2017-05-12 14:01:44',0),(1551,193,'agingtest','老化测试',0,'2017-06-16 10:09:09','','2','后期生成','','正常','2017-05-12 14:01:44','2017-05-12 14:01:44',0),(1552,193,'evaluation','产品评估',0,'2017-06-16 10:09:14','','2','后期生成','','正常','2017-05-12 14:01:44','2017-05-12 14:01:44',0),(1553,193,'deliver','交付使用',0,'2017-06-16 10:09:24','','2','','','正常','2017-05-12 14:01:44','2017-05-12 14:01:44',0),(1554,153,'agingtest','老化测试',0,'2017-06-16 14:02:09','','47','郑文杰','','ok','2017-06-16 14:02:09','2017-06-16 14:02:09',0),(1555,150,'evaluation','产品评估',1,'2017-06-16 16:59:37','','53','张腾',NULL,'20CM左右有多圈点','2017-06-16 16:59:37','2017-06-16 16:59:37',0),(1556,169,'poireceive','点接收+复测',0,'2017-06-16 20:26:35','','42','石佳喜','dimming/169/42/1497615987967.jpg','正常','2017-06-16 20:26:35','2017-06-16 20:26:35',0),(1557,169,'uvretest','UV+复测',0,'2017-06-16 20:27:04','','42','石佳喜','dimming/169/42/1497616012817.jpg','正常','2017-06-16 20:27:04','2017-06-16 20:27:04',0),(1558,173,'poireflector','点小反射镜',0,'2017-06-16 20:31:24','','42','洪仕钦','','正常','2017-06-16 20:31:24','2017-06-16 20:31:24',0),(1559,178,'adjreflector','调小反射镜',0,'2017-06-16 20:31:48','','42','谢鹏飞','','正常','2017-06-16 20:31:48','2017-06-16 20:31:48',0),(1560,169,'dimming','UV复测后TC老化',0,'2017-06-17 11:48:28','','45','曾晓波',NULL,'正常','2017-06-17 11:48:28','2017-06-17 11:48:28',0),(1561,170,'poiemitc','点发射完TC',0,'2017-06-17 11:48:44','','45','曾晓波',NULL,'正常','2017-06-17 11:48:44','2017-06-17 11:48:44',0),(1562,164,'poiemitc','点发射完TC',0,'2017-06-17 11:49:03','','45','曾',NULL,'正常','2017-06-17 11:49:03','2017-06-17 11:49:03',0),(1563,164,'poireceive','点接收+复测',1,'2017-06-17 13:55:12','','42','刘康','','发射Tc后发射大反射镜裂了','2017-06-17 13:55:12','2017-06-17 13:55:12',0),(1564,194,'startassemble','开始生产',0,'2017-06-16 14:00:00','','38','','','','2017-06-17 14:00:24','2017-06-17 14:00:24',0),(1565,195,'startassemble','开始生产',0,'2017-06-17 09:00:00','','38','','','','2017-06-17 14:00:55','2017-06-17 14:00:55',0),(1566,196,'startassemble','开始生产',0,'2017-06-17 09:00:00','','38','','','','2017-06-17 14:01:46','2017-06-17 14:01:46',0),(1567,125,'stop','该机停止生产',1,'2017-06-17 14:06:26','','38','','','','2017-06-17 14:06:26','2017-06-17 14:06:26',0),(1568,152,'backto adjreflector','回退到 调小反射镜 环节',1,'2017-06-17 14:12:20','','38','','','发射TC后U4出现双峰（漏光），拆重调。','2017-06-17 14:12:20','2017-06-17 14:12:20',0),(1569,169,'dimmingretest','TC后复测',0,'2017-06-17 14:16:22','','42','石佳喜','dimming/169/42/1497680175125.jpg','D2Tc后掉了很多','2017-06-17 14:16:22','2017-06-17 14:16:22',0),(1570,169,'dynbalance','动平衡',0,'2017-06-17 14:26:56','','45','曾晓波',NULL,'正常','2017-06-17 14:26:56','2017-06-17 14:26:56',0),(1571,196,'preassemble','预组装',0,'2017-06-17 14:56:44','','40','班小兰','','已完成','2017-06-17 14:56:44','2017-06-17 14:56:44',0),(1572,195,'preassemble','预组装',0,'2017-06-17 14:56:59','','40','班小兰','','已完成','2017-06-17 14:56:59','2017-06-17 14:56:59',0),(1573,194,'preassemble','预组装',0,'2017-06-17 14:57:12','','40','班小兰','','已完成','2017-06-17 14:57:12','2017-06-17 14:57:12',0),(1574,163,'poireceive','点接收+复测',0,'2017-06-17 17:08:34','','43','卢良山、吴杭','dimming/163/43/1497690513507.jpg','正常','2017-06-17 17:08:34','2017-06-17 17:08:34',0),(1575,163,'uvretest','UV+复测',0,'2017-06-17 17:09:50','','43','卢良山、吴杭','dimming/163/43/1497690589031.jpg','正常','2017-06-17 17:09:50','2017-06-17 17:09:50',0),(1576,172,'poiemission','点发射',0,'2017-06-17 17:11:45','','43','龙洁，李赛月（新），王欢（新），黄楚雄（新）',NULL,'正常','2017-06-17 17:11:45','2017-06-17 17:11:45',0),(1577,167,'poiemission','点发射',0,'2017-06-17 17:13:41','','43','王云徽',NULL,'正常','2017-06-17 17:13:41','2017-06-17 17:13:41',0),(1578,162,'poiemission','点发射',0,'2017-06-17 17:14:10','','43','熊光伟、王旭清',NULL,'正常','2017-06-17 17:14:10','2017-06-17 17:14:10',0),(1579,137,'poiemission','点发射',0,'2017-06-17 17:14:31','','43','邱恒丰',NULL,'正常','2017-06-17 17:14:31','2017-06-17 17:14:31',0),(1580,160,'poireceive','点接收+复测',0,'2017-06-17 17:16:12','','43','赵宇航','dimming/160/43/1497690949950.jpg','正常','2017-06-17 17:16:12','2017-06-17 17:16:12',0),(1581,160,'uvretest','UV+复测',0,'2017-06-17 17:16:36','','43','赵宇航','dimming/160/43/1497690994769.jpg','正常','2017-06-17 17:16:36','2017-06-17 17:16:36',0),(1582,149,'evaluation','产品评估',0,'2017-06-17 18:05:01','','53','张腾',NULL,'U3掰弯处理，U0U1层现轻微线段状','2017-06-17 18:05:01','2017-06-17 18:05:01',0),(1583,163,'dimming','UV复测后TC老化',0,'2017-06-17 18:25:46','','45','曾晓波',NULL,'正常','2017-06-17 18:25:46','2017-06-17 18:25:46',0),(1584,160,'dimming','UV复测后TC老化',0,'2017-06-17 18:26:11','','45','曾晓波',NULL,'正常','2017-06-17 18:26:11','2017-06-17 18:26:11',0),(1585,163,'dimmingretest','TC后复测',0,'2017-06-17 18:28:30','','43','卢良山','dimming/163/43/1497695309476.jpg','正常','2017-06-17 18:28:30','2017-06-17 18:28:30',0),(1586,153,'evaluation','产品评估',0,'2017-06-17 18:28:47','','53','张腾',NULL,'U3通道接触不良掰弯。D1在1.5米，D3U4在3米处饱和','2017-06-17 18:28:47','2017-06-17 18:28:47',0),(1587,150,'evaluation','产品评估',1,'2017-06-17 18:29:36','','53','张腾',NULL,'疑似主板不良，暂留作分析处理','2017-06-17 18:29:36','2017-06-17 18:29:36',0),(1588,160,'dimmingretest','TC后复测',0,'2017-06-17 18:30:12','','43','赵宇航','dimming/160/43/1497695411463.jpg','正常','2017-06-17 18:30:12','2017-06-17 18:30:12',0),(1589,163,'dynbalance','动平衡',0,'2017-06-17 19:45:41','','45','曾晓波',NULL,'正常','2017-06-17 19:45:41','2017-06-17 19:45:41',0),(1590,160,'dynbalance','动平衡',0,'2017-06-17 19:45:59','','45','曾晓波',NULL,'正常','2017-06-17 19:45:59','2017-06-17 19:45:59',0),(1591,137,'poiemitc','点发射完TC',0,'2017-06-17 19:46:14','','45','曾晓波',NULL,'正常','2017-06-17 19:46:14','2017-06-17 19:46:14',0),(1592,170,'poireceive','点接收+复测',0,'2017-06-17 21:47:57','','42','黄朝富','dimming/170/42/1497707268963.jpg','正常','2017-06-17 21:47:57','2017-06-17 21:47:57',0),(1593,170,'uvretest','UV+复测',0,'2017-06-17 21:48:32','','42','黄朝富','dimming/170/42/1497707303772.jpg','正常','2017-06-17 21:48:32','2017-06-17 21:48:32',0),(1594,173,'poiemission','点发射',0,'2017-06-17 21:49:07','','42','洪仕钦','','正常','2017-06-17 21:49:07','2017-06-17 21:49:07',0),(1595,174,'poiemission','点发射',0,'2017-06-17 21:49:28','','42','段志胜','','正常','2017-06-17 21:49:28','2017-06-17 21:49:28',0),(1596,194,'adjreflector','调小反射镜',0,'2017-06-17 21:49:54','','42','刘康','','正常','2017-06-17 21:49:54','2017-06-17 21:49:54',0),(1597,194,'poireflector','点小反射镜',0,'2017-06-17 21:50:04','','42','刘康','','正常','2017-06-17 21:50:04','2017-06-17 21:50:04',0),(1598,169,'assembly','总装',0,'2017-06-17 21:59:37','','46','李田华','','正常','2017-06-17 21:59:37','2017-06-17 21:59:37',0),(1599,160,'assembly','总装',0,'2017-06-17 22:00:08','','46','李田华','','正常','2017-06-17 22:00:08','2017-06-17 22:00:08',0),(1600,163,'assembly','总装',0,'2017-06-17 23:44:20','','46','李田华','','上电烧主板，焊线正确无短路，待进一步分析。','2017-06-17 23:44:20','2017-06-18 02:02:30',1),(1601,163,'assembly','总装',0,'2017-06-18 02:14:08','','46','李田华','','正常','2017-06-18 02:14:08','2017-06-18 02:14:08',0),(1602,160,'reflectivity','标反射率',0,'2017-06-18 03:18:27','','46','李飞','dimming/160/46/1497727099377.jpg','正常','2017-06-18 03:18:27','2017-06-18 03:18:27',0),(1603,169,'reflectivity','标反射率',0,'2017-06-18 03:25:19','','46','李飞','dimming/169/46/1497727509739.jpg','正常','2017-06-18 03:25:19','2017-06-18 03:25:19',0),(1604,160,'static','标静态量',0,'2017-06-18 03:34:32','','46','李飞','dimming/160/46/1497728066371.jpg','正常','2017-06-18 03:34:32','2017-06-18 03:34:32',0),(1605,169,'static','标静态量',0,'2017-06-18 03:36:15','','46','李飞','dimming/169/46/1497728168090.jpg','正常','2017-06-18 03:36:15','2017-06-18 03:36:15',0),(1606,170,'dimming','UV复测后TC老化',0,'2017-06-19 08:37:34','','45','曾晓波',NULL,'正常','2017-06-19 08:37:34','2017-06-19 08:37:34',0),(1607,173,'poiemitc','点发射完TC',0,'2017-06-19 09:12:22','','45','曾晓波',NULL,'正常','2017-06-19 09:12:22','2017-06-19 09:12:22',0),(1608,174,'poiemitc','点发射完TC',0,'2017-06-19 09:12:36','','45','曾晓波',NULL,'正常','2017-06-19 09:12:36','2017-06-19 09:12:36',0),(1609,162,'poiemitc','点发射完TC',0,'2017-06-19 09:13:03','','45','曾晓波',NULL,'正常','2017-06-19 09:13:03','2017-06-19 09:13:03',0),(1610,172,'poiemitc','点发射完TC',0,'2017-06-19 09:13:20','','45','曾晓波',NULL,'正常','2017-06-19 09:13:20','2017-06-19 09:13:20',0),(1611,197,'startassemble','开始生产',0,'2017-06-19 09:00:00','','38','','','','2017-06-19 10:21:59','2017-06-19 10:21:59',0),(1612,198,'startassemble','开始生产',0,'2017-06-19 08:45:00','','38','','','','2017-06-19 10:22:52','2017-06-19 10:22:52',0),(1613,153,'deliver','交付使用',0,'2017-06-19 14:06:11','','53','',NULL,'邱总北汽','2017-06-19 14:06:11','2017-06-19 14:06:11',0),(1614,149,'deliver','交付使用',0,'2017-06-19 14:06:58','','53','',NULL,'邱总百度','2017-06-19 14:06:58','2017-06-19 14:06:58',0),(1615,170,'dimmingretest','TC后复测',0,'2017-06-19 15:14:58','','42','黄朝富','dimming/170/42/1497856497171.jpg','正常','2017-06-19 15:14:58','2017-06-19 15:14:58',0),(1616,170,'dynbalance','动平衡',0,'2017-06-19 20:17:21','','45','曾晓波',NULL,'正常','2017-06-19 20:17:21','2017-06-19 20:17:21',0);
/*!40000 ALTER TABLE `productsteps` ENABLE KEYS */;
UNLOCK TABLES;

--
-- Table structure for table `station`
--

DROP TABLE IF EXISTS `station`;
/*!40101 SET @saved_cs_client     = @@character_set_client */;
/*!40101 SET character_set_client = utf8 */;
CREATE TABLE `station` (
  `id` int(11) NOT NULL AUTO_INCREMENT,
  `customer` char(255) NOT NULL,
  `number` char(50) NOT NULL,
  `distance` char(50) NOT NULL,
  `position` char(50) NOT NULL,
  `height` char(50) NOT NULL,
  `createdAt` datetime NOT NULL,
  `updatedAt` datetime NOT NULL,
  PRIMARY KEY (`id`)
) ENGINE=InnoDB DEFAULT CHARSET=utf8;
/*!40101 SET character_set_client = @saved_cs_client */;

--
-- Dumping data for table `station`
--

LOCK TABLES `station` WRITE;
/*!40000 ALTER TABLE `station` DISABLE KEYS */;
/*!40000 ALTER TABLE `station` ENABLE KEYS */;
UNLOCK TABLES;

--
-- Table structure for table `users`
--

DROP TABLE IF EXISTS `users`;
/*!40101 SET @saved_cs_client     = @@character_set_client */;
/*!40101 SET character_set_client = utf8 */;
CREATE TABLE `users` (
  `id` int(255) NOT NULL AUTO_INCREMENT,
  `name` varchar(50) NOT NULL,
  `type` tinyint(8) NOT NULL COMMENT '职位',
  `position` varchar(100) NOT NULL DEFAULT '[]',
  `permission` int(10) NOT NULL,
  `passwd` varchar(50) NOT NULL DEFAULT '01010ac72fdc6d7b53c0c688a41a375c',
  `updatedAt` datetime NOT NULL,
  `createdAt` datetime NOT NULL,
  `overseas` tinyint(255) NOT NULL DEFAULT '0',
  PRIMARY KEY (`id`)
) ENGINE=MyISAM AUTO_INCREMENT=65 DEFAULT CHARSET=utf8;
/*!40101 SET character_set_client = @saved_cs_client */;

--
-- Dumping data for table `users`
--

LOCK TABLES `users` WRITE;
/*!40000 ALTER TABLE `users` DISABLE KEYS */;
INSERT INTO `users` VALUES (1,'邱纯鑫',1,'CEO',1,'a9f911364d72da06e4f5db5409e8220c','2017-05-10 10:28:16','2017-04-18 15:31:50',0),(2,'邱纯潮',2,'COO',2,'9d2a2470db109ba006bf11b2a6754077','2017-05-10 09:42:27','2017-04-18 15:31:50',0),(3,'刘乐天',3,'CTO',3,'30b9360bbbfe52fbf2df2bafff4638be','2017-06-06 20:54:38','2017-04-18 15:31:50',0),(45,'曾晓波',7,'[\"poiemitc\",\"dimming\",\"dynbalance\",\"assembly\",\"static\",\"reflectivity\",\"agingtest\"]',15,'30b9360bbbfe52fbf2df2bafff4638be','2017-05-17 11:43:44','2017-05-09 22:07:07',0),(44,'李南方',7,'[\"poiemitc\",\"dimming\",\"dynbalance\",\"assembly\",\"static\",\"reflectivity\",\"agingtest\"]',15,'8fbf97fd13115492187dfe2185a14596','2017-05-17 11:44:50','2017-05-09 22:05:06',0),(43,'龙洁',7,'[\"adjreflector\",\"poireflector\",\"poiemission\",\"poireceive\",\"uvretest\",\"dimmingretest\"]',15,'8b72b2b772ac8e23fa84a1e06921aadc','2017-05-10 08:42:47','2017-05-09 22:03:40',0),(42,'石佳喜',7,'[\"adjreflector\",\"poireflector\",\"poiemission\",\"poireceive\",\"uvretest\",\"dimmingretest\"]',15,'b6d0925fe03c47e6e38592c311bedd6d','2017-05-10 09:25:38','2017-05-09 22:02:57',0),(38,'吴熙龙',4,'生产总监',11,'6c3595c901f754aaa0b04aa0aa4c4387','2017-05-09 22:12:52','2017-05-09 21:19:04',0),(40,'班小兰',7,'[\"startassemble\",\"preassemble\"]',15,'ac2d1c34b303bb20ef33cafd869b328a','2017-05-10 14:34:31','2017-05-09 22:01:28',0),(41,'杨莹',7,'[\"adjreflector\",\"poireflector\",\"poiemission\",\"poireceive\",\"uvretest\",\"dimmingretest\"]',15,'a1cc25e77a8c7885617ca625e66f59b4','2017-05-10 12:22:50','2017-05-09 22:02:28',0),(46,'李飞',7,'[\"poiemitc\",\"dimming\",\"dynbalance\",\"assembly\",\"static\",\"reflectivity\",\"agingtest\"]',15,'e7f9bbcbd1426387e9704d4c6fd01e5f','2017-06-17 10:45:48','2017-05-09 22:07:48',0),(47,'郑文杰',7,'[\"poiemitc\",\"dimming\",\"dynbalance\",\"assembly\",\"static\",\"reflectivity\",\"agingtest\"]',15,'dad2677fb826a0ce815c7df399265fb9','2017-05-17 11:47:17','2017-05-09 22:08:46',0),(55,'詹翠茹',6,'业务经理',24,'0ff81ee132555397a647f91f2a4b4bb6','2017-05-11 18:12:00','2017-05-11 17:57:33',0),(60,'谢莹莹',10,'出纳',24,'44358f9fc0d4df0651d55d937d4ecf5b','2017-05-16 20:14:30','2017-05-16 20:13:24',0),(61,'黄丽明',5,'财务',23,'3771e8f44aeb30b09c6885492aecb558','2017-05-17 09:21:34','2017-05-16 22:08:44',0),(54,'蔡文旭',8,'销售总监',21,'15f982814f858b860d67c576600dcaa5','2017-05-11 18:04:30','2017-05-11 17:54:16',0),(53,'张腾',9,'[\"evaluation\",\"deliver\"]',41,'2d600f6a642acc7cc6168882a53dff4f','2017-05-12 12:57:18','2017-05-11 17:17:15',0),(56,'陈泉国',6,'业务经理',24,'3ebe59da048f28e3921af5a3a705cb4c','2017-05-16 19:24:16','2017-05-11 17:57:43',0),(62,'冷崇峰',4,'生产总监',11,'abc440bc673355e1d75bfe34d9c0f1bf','2017-06-07 11:47:17','2017-06-06 20:17:15',0),(63,'郝大伟',4,'生产总监',15,'5542b7c089a9f20c19be649143d31ac2','2017-06-08 15:51:10','2017-06-08 15:45:09',0),(64,'陈泽鑫',6,'销售',24,'e177ac6f7d2f4e958aa8bfdfd394e9d5','2017-06-15 18:22:50','2017-06-15 18:21:58',0);
/*!40000 ALTER TABLE `users` ENABLE KEYS */;
UNLOCK TABLES;
/*!40103 SET TIME_ZONE=@OLD_TIME_ZONE */;

/*!40101 SET SQL_MODE=@OLD_SQL_MODE */;
/*!40014 SET FOREIGN_KEY_CHECKS=@OLD_FOREIGN_KEY_CHECKS */;
/*!40014 SET UNIQUE_CHECKS=@OLD_UNIQUE_CHECKS */;
/*!40101 SET CHARACTER_SET_CLIENT=@OLD_CHARACTER_SET_CLIENT */;
/*!40101 SET CHARACTER_SET_RESULTS=@OLD_CHARACTER_SET_RESULTS */;
/*!40101 SET COLLATION_CONNECTION=@OLD_COLLATION_CONNECTION */;
/*!40111 SET SQL_NOTES=@OLD_SQL_NOTES */;

-- Dump completed on 2017-06-19 21:27:49
